config,target,metric,value
baseline,fixture:pure-rust-aarch64,compile_s,0.408
baseline,fixture:pure-rust-aarch64,obj_bytes,9536
baseline,fixture:pure-rust-aarch64,text_bytes,6697
baseline,fixture:pure-rust-aarch64,insns,1640
baseline,fixture:pure-rust-aarch64,ldr_sp,217
baseline,fixture:pure-rust-aarch64,str_sp,223
baseline,fixture:pure-rust-aarch64,ldp_sp,0
baseline,fixture:pure-rust-aarch64,stp_sp,0
baseline,fixture:pure-rust-aarch64,mov_imm,484
baseline,fixture:pure-rust-aarch64,objects,1
baseline,fixture:pure-rust-aarch64,correct,1
baseline,fixture:pure-rust-aarch64,run_median_s,0.000569
baseline,fixture:pure-rust-aarch64,run_min_s,0.000535
weighted,fixture:pure-rust-aarch64,compile_s,0.422
weighted,fixture:pure-rust-aarch64,obj_bytes,9728
weighted,fixture:pure-rust-aarch64,text_bytes,6889
weighted,fixture:pure-rust-aarch64,insns,1688
weighted,fixture:pure-rust-aarch64,ldr_sp,237
weighted,fixture:pure-rust-aarch64,str_sp,251
weighted,fixture:pure-rust-aarch64,ldp_sp,0
weighted,fixture:pure-rust-aarch64,stp_sp,0
weighted,fixture:pure-rust-aarch64,mov_imm,484
weighted,fixture:pure-rust-aarch64,objects,1
weighted,fixture:pure-rust-aarch64,correct,1
weighted,fixture:pure-rust-aarch64,run_median_s,0.000826
weighted,fixture:pure-rust-aarch64,run_min_s,0.000792
weighted+remat,fixture:pure-rust-aarch64,compile_s,0.425
weighted+remat,fixture:pure-rust-aarch64,obj_bytes,9728
weighted+remat,fixture:pure-rust-aarch64,text_bytes,6889
weighted+remat,fixture:pure-rust-aarch64,insns,1688
weighted+remat,fixture:pure-rust-aarch64,ldr_sp,220
weighted+remat,fixture:pure-rust-aarch64,str_sp,251
weighted+remat,fixture:pure-rust-aarch64,ldp_sp,0
weighted+remat,fixture:pure-rust-aarch64,stp_sp,0
weighted+remat,fixture:pure-rust-aarch64,mov_imm,501
weighted+remat,fixture:pure-rust-aarch64,objects,1
weighted+remat,fixture:pure-rust-aarch64,correct,1
weighted+remat,fixture:pure-rust-aarch64,run_median_s,0.000542
weighted+remat,fixture:pure-rust-aarch64,run_min_s,0.000505
weighted+remat+spectral,fixture:pure-rust-aarch64,compile_s,0.443
weighted+remat+spectral,fixture:pure-rust-aarch64,obj_bytes,9728
weighted+remat+spectral,fixture:pure-rust-aarch64,text_bytes,6889
weighted+remat+spectral,fixture:pure-rust-aarch64,insns,1688
weighted+remat+spectral,fixture:pure-rust-aarch64,ldr_sp,220
weighted+remat+spectral,fixture:pure-rust-aarch64,str_sp,251
weighted+remat+spectral,fixture:pure-rust-aarch64,ldp_sp,0
weighted+remat+spectral,fixture:pure-rust-aarch64,stp_sp,0
weighted+remat+spectral,fixture:pure-rust-aarch64,mov_imm,501
weighted+remat+spectral,fixture:pure-rust-aarch64,objects,1
weighted+remat+spectral,fixture:pure-rust-aarch64,correct,1
weighted+remat+spectral,fixture:pure-rust-aarch64,run_median_s,0.000526
weighted+remat+spectral,fixture:pure-rust-aarch64,run_min_s,0.00048
eregalloc-c0,fixture:pure-rust-aarch64,compile_s,0.422
eregalloc-c0,fixture:pure-rust-aarch64,obj_bytes,9536
eregalloc-c0,fixture:pure-rust-aarch64,text_bytes,6697
eregalloc-c0,fixture:pure-rust-aarch64,insns,1640
eregalloc-c0,fixture:pure-rust-aarch64,ldr_sp,208
eregalloc-c0,fixture:pure-rust-aarch64,str_sp,223
eregalloc-c0,fixture:pure-rust-aarch64,ldp_sp,0
eregalloc-c0,fixture:pure-rust-aarch64,stp_sp,0
eregalloc-c0,fixture:pure-rust-aarch64,mov_imm,493
eregalloc-c0,fixture:pure-rust-aarch64,objects,1
eregalloc-c0,fixture:pure-rust-aarch64,correct,1
eregalloc-c0,fixture:pure-rust-aarch64,run_median_s,0.000616
eregalloc-c0,fixture:pure-rust-aarch64,run_min_s,0.000586
eregalloc-c0+spectral,fixture:pure-rust-aarch64,compile_s,0.425
eregalloc-c0+spectral,fixture:pure-rust-aarch64,obj_bytes,9536
eregalloc-c0+spectral,fixture:pure-rust-aarch64,text_bytes,6697
eregalloc-c0+spectral,fixture:pure-rust-aarch64,insns,1640
eregalloc-c0+spectral,fixture:pure-rust-aarch64,ldr_sp,208
eregalloc-c0+spectral,fixture:pure-rust-aarch64,str_sp,223
eregalloc-c0+spectral,fixture:pure-rust-aarch64,ldp_sp,0
eregalloc-c0+spectral,fixture:pure-rust-aarch64,stp_sp,0
eregalloc-c0+spectral,fixture:pure-rust-aarch64,mov_imm,493
eregalloc-c0+spectral,fixture:pure-rust-aarch64,objects,1
eregalloc-c0+spectral,fixture:pure-rust-aarch64,correct,1
eregalloc-c0+spectral,fixture:pure-rust-aarch64,run_median_s,0.000784
eregalloc-c0+spectral,fixture:pure-rust-aarch64,run_min_s,0.000464
eregalloc-c2,fixture:pure-rust-aarch64,compile_s,0.612
eregalloc-c2,fixture:pure-rust-aarch64,obj_bytes,9536
eregalloc-c2,fixture:pure-rust-aarch64,text_bytes,6697
eregalloc-c2,fixture:pure-rust-aarch64,insns,1640
eregalloc-c2,fixture:pure-rust-aarch64,ldr_sp,208
eregalloc-c2,fixture:pure-rust-aarch64,str_sp,223
eregalloc-c2,fixture:pure-rust-aarch64,ldp_sp,0
eregalloc-c2,fixture:pure-rust-aarch64,stp_sp,0
eregalloc-c2,fixture:pure-rust-aarch64,mov_imm,493
eregalloc-c2,fixture:pure-rust-aarch64,objects,1
eregalloc-c2,fixture:pure-rust-aarch64,correct,1
eregalloc-c2,fixture:pure-rust-aarch64,run_median_s,0.000959
eregalloc-c2,fixture:pure-rust-aarch64,run_min_s,0.000675
eregalloc-c2+spectral,fixture:pure-rust-aarch64,compile_s,0.597
eregalloc-c2+spectral,fixture:pure-rust-aarch64,obj_bytes,9536
eregalloc-c2+spectral,fixture:pure-rust-aarch64,text_bytes,6697
eregalloc-c2+spectral,fixture:pure-rust-aarch64,insns,1640
eregalloc-c2+spectral,fixture:pure-rust-aarch64,ldr_sp,208
eregalloc-c2+spectral,fixture:pure-rust-aarch64,str_sp,223
eregalloc-c2+spectral,fixture:pure-rust-aarch64,ldp_sp,0
eregalloc-c2+spectral,fixture:pure-rust-aarch64,stp_sp,0
eregalloc-c2+spectral,fixture:pure-rust-aarch64,mov_imm,493
eregalloc-c2+spectral,fixture:pure-rust-aarch64,objects,1
eregalloc-c2+spectral,fixture:pure-rust-aarch64,correct,1
eregalloc-c2+spectral,fixture:pure-rust-aarch64,run_median_s,0.000715
eregalloc-c2+spectral,fixture:pure-rust-aarch64,run_min_s,0.000651
baseline,fixture:structs-aarch64,compile_s,0.15
baseline,fixture:structs-aarch64,obj_bytes,2040
baseline,fixture:structs-aarch64,text_bytes,624
baseline,fixture:structs-aarch64,insns,156
baseline,fixture:structs-aarch64,ldr_sp,18
baseline,fixture:structs-aarch64,str_sp,12
baseline,fixture:structs-aarch64,ldp_sp,0
baseline,fixture:structs-aarch64,stp_sp,0
baseline,fixture:structs-aarch64,mov_imm,51
baseline,fixture:structs-aarch64,objects,1
baseline,fixture:structs-aarch64,correct,1
baseline,fixture:structs-aarch64,run_median_s,0.000467
baseline,fixture:structs-aarch64,run_min_s,0.000451
weighted,fixture:structs-aarch64,compile_s,0.136
weighted,fixture:structs-aarch64,obj_bytes,2040
weighted,fixture:structs-aarch64,text_bytes,620
weighted,fixture:structs-aarch64,insns,155
weighted,fixture:structs-aarch64,ldr_sp,17
weighted,fixture:structs-aarch64,str_sp,12
weighted,fixture:structs-aarch64,ldp_sp,0
weighted,fixture:structs-aarch64,stp_sp,0
weighted,fixture:structs-aarch64,mov_imm,51
weighted,fixture:structs-aarch64,objects,1
weighted,fixture:structs-aarch64,correct,1
weighted,fixture:structs-aarch64,run_median_s,0.000926
weighted,fixture:structs-aarch64,run_min_s,0.00089
weighted+remat,fixture:structs-aarch64,compile_s,0.15
weighted+remat,fixture:structs-aarch64,obj_bytes,2040
weighted+remat,fixture:structs-aarch64,text_bytes,620
weighted+remat,fixture:structs-aarch64,insns,155
weighted+remat,fixture:structs-aarch64,ldr_sp,17
weighted+remat,fixture:structs-aarch64,str_sp,12
weighted+remat,fixture:structs-aarch64,ldp_sp,0
weighted+remat,fixture:structs-aarch64,stp_sp,0
weighted+remat,fixture:structs-aarch64,mov_imm,51
weighted+remat,fixture:structs-aarch64,objects,1
weighted+remat,fixture:structs-aarch64,correct,1
weighted+remat,fixture:structs-aarch64,run_median_s,0.000471
weighted+remat,fixture:structs-aarch64,run_min_s,0.000421
weighted+remat+spectral,fixture:structs-aarch64,compile_s,0.116
weighted+remat+spectral,fixture:structs-aarch64,obj_bytes,2040
weighted+remat+spectral,fixture:structs-aarch64,text_bytes,620
weighted+remat+spectral,fixture:structs-aarch64,insns,155
weighted+remat+spectral,fixture:structs-aarch64,ldr_sp,17
weighted+remat+spectral,fixture:structs-aarch64,str_sp,12
weighted+remat+spectral,fixture:structs-aarch64,ldp_sp,0
weighted+remat+spectral,fixture:structs-aarch64,stp_sp,0
weighted+remat+spectral,fixture:structs-aarch64,mov_imm,51
weighted+remat+spectral,fixture:structs-aarch64,objects,1
weighted+remat+spectral,fixture:structs-aarch64,correct,1
weighted+remat+spectral,fixture:structs-aarch64,run_median_s,0.000846
weighted+remat+spectral,fixture:structs-aarch64,run_min_s,0.00066
eregalloc-c0,fixture:structs-aarch64,compile_s,0.146
eregalloc-c0,fixture:structs-aarch64,obj_bytes,2040
eregalloc-c0,fixture:structs-aarch64,text_bytes,620
eregalloc-c0,fixture:structs-aarch64,insns,155
eregalloc-c0,fixture:structs-aarch64,ldr_sp,17
eregalloc-c0,fixture:structs-aarch64,str_sp,12
eregalloc-c0,fixture:structs-aarch64,ldp_sp,0
eregalloc-c0,fixture:structs-aarch64,stp_sp,0
eregalloc-c0,fixture:structs-aarch64,mov_imm,51
eregalloc-c0,fixture:structs-aarch64,objects,1
eregalloc-c0,fixture:structs-aarch64,correct,1
eregalloc-c0,fixture:structs-aarch64,run_median_s,0.000504
eregalloc-c0,fixture:structs-aarch64,run_min_s,0.000443
eregalloc-c0+spectral,fixture:structs-aarch64,compile_s,0.12
eregalloc-c0+spectral,fixture:structs-aarch64,obj_bytes,2040
eregalloc-c0+spectral,fixture:structs-aarch64,text_bytes,620
eregalloc-c0+spectral,fixture:structs-aarch64,insns,155
eregalloc-c0+spectral,fixture:structs-aarch64,ldr_sp,17
eregalloc-c0+spectral,fixture:structs-aarch64,str_sp,12
eregalloc-c0+spectral,fixture:structs-aarch64,ldp_sp,0
eregalloc-c0+spectral,fixture:structs-aarch64,stp_sp,0
eregalloc-c0+spectral,fixture:structs-aarch64,mov_imm,51
eregalloc-c0+spectral,fixture:structs-aarch64,objects,1
eregalloc-c0+spectral,fixture:structs-aarch64,correct,1
eregalloc-c0+spectral,fixture:structs-aarch64,run_median_s,0.000629
eregalloc-c0+spectral,fixture:structs-aarch64,run_min_s,0.000586
eregalloc-c2,fixture:structs-aarch64,compile_s,0.153
eregalloc-c2,fixture:structs-aarch64,obj_bytes,2040
eregalloc-c2,fixture:structs-aarch64,text_bytes,620
eregalloc-c2,fixture:structs-aarch64,insns,155
eregalloc-c2,fixture:structs-aarch64,ldr_sp,17
eregalloc-c2,fixture:structs-aarch64,str_sp,12
eregalloc-c2,fixture:structs-aarch64,ldp_sp,0
eregalloc-c2,fixture:structs-aarch64,stp_sp,0
eregalloc-c2,fixture:structs-aarch64,mov_imm,51
eregalloc-c2,fixture:structs-aarch64,objects,1
eregalloc-c2,fixture:structs-aarch64,correct,1
eregalloc-c2,fixture:structs-aarch64,run_median_s,0.00071
eregalloc-c2,fixture:structs-aarch64,run_min_s,0.000668
eregalloc-c2+spectral,fixture:structs-aarch64,compile_s,0.153
eregalloc-c2+spectral,fixture:structs-aarch64,obj_bytes,2040
eregalloc-c2+spectral,fixture:structs-aarch64,text_bytes,620
eregalloc-c2+spectral,fixture:structs-aarch64,insns,155
eregalloc-c2+spectral,fixture:structs-aarch64,ldr_sp,17
eregalloc-c2+spectral,fixture:structs-aarch64,str_sp,12
eregalloc-c2+spectral,fixture:structs-aarch64,ldp_sp,0
eregalloc-c2+spectral,fixture:structs-aarch64,stp_sp,0
eregalloc-c2+spectral,fixture:structs-aarch64,mov_imm,51
eregalloc-c2+spectral,fixture:structs-aarch64,objects,1
eregalloc-c2+spectral,fixture:structs-aarch64,correct,1
eregalloc-c2+spectral,fixture:structs-aarch64,run_median_s,0.000914
eregalloc-c2+spectral,fixture:structs-aarch64,run_min_s,0.000875
baseline,fixture:hello-world-aarch64,compile_s,0.134
baseline,fixture:hello-world-aarch64,obj_bytes,1728
baseline,fixture:hello-world-aarch64,text_bytes,351
baseline,fixture:hello-world-aarch64,insns,85
baseline,fixture:hello-world-aarch64,ldr_sp,13
baseline,fixture:hello-world-aarch64,str_sp,13
baseline,fixture:hello-world-aarch64,ldp_sp,0
baseline,fixture:hello-world-aarch64,stp_sp,0
baseline,fixture:hello-world-aarch64,mov_imm,8
baseline,fixture:hello-world-aarch64,objects,1
baseline,fixture:hello-world-aarch64,correct,1
baseline,fixture:hello-world-aarch64,run_median_s,0.000998
baseline,fixture:hello-world-aarch64,run_min_s,0.000769
weighted,fixture:hello-world-aarch64,compile_s,0.129
weighted,fixture:hello-world-aarch64,obj_bytes,1728
weighted,fixture:hello-world-aarch64,text_bytes,351
weighted,fixture:hello-world-aarch64,insns,85
weighted,fixture:hello-world-aarch64,ldr_sp,13
weighted,fixture:hello-world-aarch64,str_sp,13
weighted,fixture:hello-world-aarch64,ldp_sp,0
weighted,fixture:hello-world-aarch64,stp_sp,0
weighted,fixture:hello-world-aarch64,mov_imm,8
weighted,fixture:hello-world-aarch64,objects,1
weighted,fixture:hello-world-aarch64,correct,1
weighted,fixture:hello-world-aarch64,run_median_s,0.000952
weighted,fixture:hello-world-aarch64,run_min_s,0.000925
weighted+remat,fixture:hello-world-aarch64,compile_s,0.137
weighted+remat,fixture:hello-world-aarch64,obj_bytes,1728
weighted+remat,fixture:hello-world-aarch64,text_bytes,351
weighted+remat,fixture:hello-world-aarch64,insns,85
weighted+remat,fixture:hello-world-aarch64,ldr_sp,13
weighted+remat,fixture:hello-world-aarch64,str_sp,13
weighted+remat,fixture:hello-world-aarch64,ldp_sp,0
weighted+remat,fixture:hello-world-aarch64,stp_sp,0
weighted+remat,fixture:hello-world-aarch64,mov_imm,8
weighted+remat,fixture:hello-world-aarch64,objects,1
weighted+remat,fixture:hello-world-aarch64,correct,1
weighted+remat,fixture:hello-world-aarch64,run_median_s,0.000881
weighted+remat,fixture:hello-world-aarch64,run_min_s,0.000818
weighted+remat+spectral,fixture:hello-world-aarch64,compile_s,0.138
weighted+remat+spectral,fixture:hello-world-aarch64,obj_bytes,1728
weighted+remat+spectral,fixture:hello-world-aarch64,text_bytes,351
weighted+remat+spectral,fixture:hello-world-aarch64,insns,85
weighted+remat+spectral,fixture:hello-world-aarch64,ldr_sp,13
weighted+remat+spectral,fixture:hello-world-aarch64,str_sp,13
weighted+remat+spectral,fixture:hello-world-aarch64,ldp_sp,0
weighted+remat+spectral,fixture:hello-world-aarch64,stp_sp,0
weighted+remat+spectral,fixture:hello-world-aarch64,mov_imm,8
weighted+remat+spectral,fixture:hello-world-aarch64,objects,1
weighted+remat+spectral,fixture:hello-world-aarch64,correct,1
weighted+remat+spectral,fixture:hello-world-aarch64,run_median_s,0.000868
weighted+remat+spectral,fixture:hello-world-aarch64,run_min_s,0.000788
eregalloc-c0,fixture:hello-world-aarch64,compile_s,0.126
eregalloc-c0,fixture:hello-world-aarch64,obj_bytes,1728
eregalloc-c0,fixture:hello-world-aarch64,text_bytes,351
eregalloc-c0,fixture:hello-world-aarch64,insns,85
eregalloc-c0,fixture:hello-world-aarch64,ldr_sp,13
eregalloc-c0,fixture:hello-world-aarch64,str_sp,13
eregalloc-c0,fixture:hello-world-aarch64,ldp_sp,0
eregalloc-c0,fixture:hello-world-aarch64,stp_sp,0
eregalloc-c0,fixture:hello-world-aarch64,mov_imm,8
eregalloc-c0,fixture:hello-world-aarch64,objects,1
eregalloc-c0,fixture:hello-world-aarch64,correct,1
eregalloc-c0,fixture:hello-world-aarch64,run_median_s,0.000658
eregalloc-c0,fixture:hello-world-aarch64,run_min_s,0.000601
eregalloc-c0+spectral,fixture:hello-world-aarch64,compile_s,0.129
eregalloc-c0+spectral,fixture:hello-world-aarch64,obj_bytes,1728
eregalloc-c0+spectral,fixture:hello-world-aarch64,text_bytes,351
eregalloc-c0+spectral,fixture:hello-world-aarch64,insns,85
eregalloc-c0+spectral,fixture:hello-world-aarch64,ldr_sp,13
eregalloc-c0+spectral,fixture:hello-world-aarch64,str_sp,13
eregalloc-c0+spectral,fixture:hello-world-aarch64,ldp_sp,0
eregalloc-c0+spectral,fixture:hello-world-aarch64,stp_sp,0
eregalloc-c0+spectral,fixture:hello-world-aarch64,mov_imm,8
eregalloc-c0+spectral,fixture:hello-world-aarch64,objects,1
eregalloc-c0+spectral,fixture:hello-world-aarch64,correct,1
eregalloc-c0+spectral,fixture:hello-world-aarch64,run_median_s,0.000911
eregalloc-c0+spectral,fixture:hello-world-aarch64,run_min_s,0.000665
eregalloc-c2,fixture:hello-world-aarch64,compile_s,0.158
eregalloc-c2,fixture:hello-world-aarch64,obj_bytes,1728
eregalloc-c2,fixture:hello-world-aarch64,text_bytes,351
eregalloc-c2,fixture:hello-world-aarch64,insns,85
eregalloc-c2,fixture:hello-world-aarch64,ldr_sp,13
eregalloc-c2,fixture:hello-world-aarch64,str_sp,13
eregalloc-c2,fixture:hello-world-aarch64,ldp_sp,0
eregalloc-c2,fixture:hello-world-aarch64,stp_sp,0
eregalloc-c2,fixture:hello-world-aarch64,mov_imm,8
eregalloc-c2,fixture:hello-world-aarch64,objects,1
eregalloc-c2,fixture:hello-world-aarch64,correct,1
eregalloc-c2,fixture:hello-world-aarch64,run_median_s,0.000914
eregalloc-c2,fixture:hello-world-aarch64,run_min_s,0.000592
eregalloc-c2+spectral,fixture:hello-world-aarch64,compile_s,0.145
eregalloc-c2+spectral,fixture:hello-world-aarch64,obj_bytes,1728
eregalloc-c2+spectral,fixture:hello-world-aarch64,text_bytes,351
eregalloc-c2+spectral,fixture:hello-world-aarch64,insns,85
eregalloc-c2+spectral,fixture:hello-world-aarch64,ldr_sp,13
eregalloc-c2+spectral,fixture:hello-world-aarch64,str_sp,13
eregalloc-c2+spectral,fixture:hello-world-aarch64,ldp_sp,0
eregalloc-c2+spectral,fixture:hello-world-aarch64,stp_sp,0
eregalloc-c2+spectral,fixture:hello-world-aarch64,mov_imm,8
eregalloc-c2+spectral,fixture:hello-world-aarch64,objects,1
eregalloc-c2+spectral,fixture:hello-world-aarch64,correct,1
eregalloc-c2+spectral,fixture:hello-world-aarch64,run_median_s,0.00066
eregalloc-c2+spectral,fixture:hello-world-aarch64,run_min_s,0.000633
baseline,fixture:fp-aarch64,compile_s,1.592
baseline,fixture:fp-aarch64,obj_bytes,37696
baseline,fixture:fp-aarch64,text_bytes,31243
baseline,fixture:fp-aarch64,insns,7643
baseline,fixture:fp-aarch64,ldr_sp,1666
baseline,fixture:fp-aarch64,str_sp,1625
baseline,fixture:fp-aarch64,ldp_sp,0
baseline,fixture:fp-aarch64,stp_sp,0
baseline,fixture:fp-aarch64,mov_imm,1113
baseline,fixture:fp-aarch64,objects,1
baseline,fixture:fp-aarch64,correct,1
baseline,fixture:fp-aarch64,run_median_s,0.000919
baseline,fixture:fp-aarch64,run_min_s,0.000676
weighted,fixture:fp-aarch64,compile_s,1.649
weighted,fixture:fp-aarch64,obj_bytes,37880
weighted,fixture:fp-aarch64,text_bytes,31431
weighted,fixture:fp-aarch64,insns,7690
weighted,fixture:fp-aarch64,ldr_sp,1680
weighted,fixture:fp-aarch64,str_sp,1658
weighted,fixture:fp-aarch64,ldp_sp,0
weighted,fixture:fp-aarch64,stp_sp,0
weighted,fixture:fp-aarch64,mov_imm,1113
weighted,fixture:fp-aarch64,objects,1
weighted,fixture:fp-aarch64,correct,1
weighted,fixture:fp-aarch64,run_median_s,0.000867
weighted,fixture:fp-aarch64,run_min_s,0.000846
weighted+remat,fixture:fp-aarch64,compile_s,1.662
weighted+remat,fixture:fp-aarch64,obj_bytes,41032
weighted+remat,fixture:fp-aarch64,text_bytes,34583
weighted+remat,fixture:fp-aarch64,insns,8478
weighted+remat,fixture:fp-aarch64,ldr_sp,1635
weighted+remat,fixture:fp-aarch64,str_sp,2048
weighted+remat,fixture:fp-aarch64,ldp_sp,0
weighted+remat,fixture:fp-aarch64,stp_sp,0
weighted+remat,fixture:fp-aarch64,mov_imm,1554
weighted+remat,fixture:fp-aarch64,objects,1
weighted+remat,fixture:fp-aarch64,correct,1
weighted+remat,fixture:fp-aarch64,run_median_s,0.00089
weighted+remat,fixture:fp-aarch64,run_min_s,0.000868
weighted+remat+spectral,fixture:fp-aarch64,compile_s,1.668
weighted+remat+spectral,fixture:fp-aarch64,obj_bytes,41072
weighted+remat+spectral,fixture:fp-aarch64,text_bytes,34623
weighted+remat+spectral,fixture:fp-aarch64,insns,8488
weighted+remat+spectral,fixture:fp-aarch64,ldr_sp,1640
weighted+remat+spectral,fixture:fp-aarch64,str_sp,2052
weighted+remat+spectral,fixture:fp-aarch64,ldp_sp,0
weighted+remat+spectral,fixture:fp-aarch64,stp_sp,0
weighted+remat+spectral,fixture:fp-aarch64,mov_imm,1555
weighted+remat+spectral,fixture:fp-aarch64,objects,1
weighted+remat+spectral,fixture:fp-aarch64,correct,1
weighted+remat+spectral,fixture:fp-aarch64,run_median_s,0.000953
weighted+remat+spectral,fixture:fp-aarch64,run_min_s,0.000691
eregalloc-c0,fixture:fp-aarch64,compile_s,2.089
eregalloc-c0,fixture:fp-aarch64,obj_bytes,37696
eregalloc-c0,fixture:fp-aarch64,text_bytes,31247
eregalloc-c0,fixture:fp-aarch64,insns,7644
eregalloc-c0,fixture:fp-aarch64,ldr_sp,1639
eregalloc-c0,fixture:fp-aarch64,str_sp,1633
eregalloc-c0,fixture:fp-aarch64,ldp_sp,0
eregalloc-c0,fixture:fp-aarch64,stp_sp,0
eregalloc-c0,fixture:fp-aarch64,mov_imm,1133
eregalloc-c0,fixture:fp-aarch64,objects,1
eregalloc-c0,fixture:fp-aarch64,correct,1
eregalloc-c0,fixture:fp-aarch64,run_median_s,0.00079
eregalloc-c0,fixture:fp-aarch64,run_min_s,0.00064
eregalloc-c0+spectral,fixture:fp-aarch64,compile_s,2.095
eregalloc-c0+spectral,fixture:fp-aarch64,obj_bytes,37696
eregalloc-c0+spectral,fixture:fp-aarch64,text_bytes,31243
eregalloc-c0+spectral,fixture:fp-aarch64,insns,7643
eregalloc-c0+spectral,fixture:fp-aarch64,ldr_sp,1638
eregalloc-c0+spectral,fixture:fp-aarch64,str_sp,1632
eregalloc-c0+spectral,fixture:fp-aarch64,ldp_sp,0
eregalloc-c0+spectral,fixture:fp-aarch64,stp_sp,0
eregalloc-c0+spectral,fixture:fp-aarch64,mov_imm,1134
eregalloc-c0+spectral,fixture:fp-aarch64,objects,1
eregalloc-c0+spectral,fixture:fp-aarch64,correct,1
eregalloc-c0+spectral,fixture:fp-aarch64,run_median_s,0.001023
eregalloc-c0+spectral,fixture:fp-aarch64,run_min_s,0.000814
eregalloc-c2,fixture:fp-aarch64,compile_s,2.624
eregalloc-c2,fixture:fp-aarch64,obj_bytes,37696
eregalloc-c2,fixture:fp-aarch64,text_bytes,31247
eregalloc-c2,fixture:fp-aarch64,insns,7644
eregalloc-c2,fixture:fp-aarch64,ldr_sp,1639
eregalloc-c2,fixture:fp-aarch64,str_sp,1633
eregalloc-c2,fixture:fp-aarch64,ldp_sp,0
eregalloc-c2,fixture:fp-aarch64,stp_sp,0
eregalloc-c2,fixture:fp-aarch64,mov_imm,1133
eregalloc-c2,fixture:fp-aarch64,objects,1
eregalloc-c2,fixture:fp-aarch64,correct,1
eregalloc-c2,fixture:fp-aarch64,run_median_s,0.000663
eregalloc-c2,fixture:fp-aarch64,run_min_s,0.000635
eregalloc-c2+spectral,fixture:fp-aarch64,compile_s,2.552
eregalloc-c2+spectral,fixture:fp-aarch64,obj_bytes,37696
eregalloc-c2+spectral,fixture:fp-aarch64,text_bytes,31243
eregalloc-c2+spectral,fixture:fp-aarch64,insns,7643
eregalloc-c2+spectral,fixture:fp-aarch64,ldr_sp,1638
eregalloc-c2+spectral,fixture:fp-aarch64,str_sp,1632
eregalloc-c2+spectral,fixture:fp-aarch64,ldp_sp,0
eregalloc-c2+spectral,fixture:fp-aarch64,stp_sp,0
eregalloc-c2+spectral,fixture:fp-aarch64,mov_imm,1134
eregalloc-c2+spectral,fixture:fp-aarch64,objects,1
eregalloc-c2+spectral,fixture:fp-aarch64,correct,1
eregalloc-c2+spectral,fixture:fp-aarch64,run_median_s,0.0009
eregalloc-c2+spectral,fixture:fp-aarch64,run_min_s,0.000648
baseline,fixture:int128-aarch64,compile_s,5.822
baseline,fixture:int128-aarch64,obj_bytes,103648
baseline,fixture:int128-aarch64,text_bytes,89437
baseline,fixture:int128-aarch64,insns,21824
baseline,fixture:int128-aarch64,ldr_sp,4438
baseline,fixture:int128-aarch64,str_sp,4422
baseline,fixture:int128-aarch64,ldp_sp,0
baseline,fixture:int128-aarch64,stp_sp,0
baseline,fixture:int128-aarch64,mov_imm,4073
baseline,fixture:int128-aarch64,objects,1
baseline,fixture:int128-aarch64,correct,1
baseline,fixture:int128-aarch64,run_median_s,0.000676
baseline,fixture:int128-aarch64,run_min_s,0.000637
weighted,fixture:int128-aarch64,compile_s,5.792
weighted,fixture:int128-aarch64,obj_bytes,107096
weighted,fixture:int128-aarch64,text_bytes,92885
weighted,fixture:int128-aarch64,insns,22686
weighted,fixture:int128-aarch64,ldr_sp,4720
weighted,fixture:int128-aarch64,str_sp,5002
weighted,fixture:int128-aarch64,ldp_sp,0
weighted,fixture:int128-aarch64,stp_sp,0
weighted,fixture:int128-aarch64,mov_imm,4073
weighted,fixture:int128-aarch64,objects,1
weighted,fixture:int128-aarch64,correct,1
weighted,fixture:int128-aarch64,run_median_s,0.000776
weighted,fixture:int128-aarch64,run_min_s,0.000745
weighted+remat,fixture:int128-aarch64,compile_s,5.829
weighted+remat,fixture:int128-aarch64,obj_bytes,110144
weighted+remat,fixture:int128-aarch64,text_bytes,95933
weighted+remat,fixture:int128-aarch64,insns,23448
weighted+remat,fixture:int128-aarch64,ldr_sp,4375
weighted+remat,fixture:int128-aarch64,str_sp,5367
weighted+remat,fixture:int128-aarch64,ldp_sp,0
weighted+remat,fixture:int128-aarch64,stp_sp,0
weighted+remat,fixture:int128-aarch64,mov_imm,4815
weighted+remat,fixture:int128-aarch64,objects,1
weighted+remat,fixture:int128-aarch64,correct,1
weighted+remat,fixture:int128-aarch64,run_median_s,0.000695
weighted+remat,fixture:int128-aarch64,run_min_s,0.000648
weighted+remat+spectral,fixture:int128-aarch64,compile_s,5.736
weighted+remat+spectral,fixture:int128-aarch64,obj_bytes,110256
weighted+remat+spectral,fixture:int128-aarch64,text_bytes,96045
weighted+remat+spectral,fixture:int128-aarch64,insns,23476
weighted+remat+spectral,fixture:int128-aarch64,ldr_sp,4399
weighted+remat+spectral,fixture:int128-aarch64,str_sp,5370
weighted+remat+spectral,fixture:int128-aarch64,ldp_sp,0
weighted+remat+spectral,fixture:int128-aarch64,stp_sp,0
weighted+remat+spectral,fixture:int128-aarch64,mov_imm,4816
weighted+remat+spectral,fixture:int128-aarch64,objects,1
weighted+remat+spectral,fixture:int128-aarch64,correct,1
weighted+remat+spectral,fixture:int128-aarch64,run_median_s,0.000744
weighted+remat+spectral,fixture:int128-aarch64,run_min_s,0.000704
eregalloc-c0,fixture:int128-aarch64,compile_s,6.301
eregalloc-c0,fixture:int128-aarch64,obj_bytes,104184
eregalloc-c0,fixture:int128-aarch64,text_bytes,89969
eregalloc-c0,fixture:int128-aarch64,insns,21957
eregalloc-c0,fixture:int128-aarch64,ldr_sp,4284
eregalloc-c0,fixture:int128-aarch64,str_sp,4546
eregalloc-c0,fixture:int128-aarch64,ldp_sp,0
eregalloc-c0,fixture:int128-aarch64,stp_sp,0
eregalloc-c0,fixture:int128-aarch64,mov_imm,4231
eregalloc-c0,fixture:int128-aarch64,objects,1
eregalloc-c0,fixture:int128-aarch64,correct,1
eregalloc-c0,fixture:int128-aarch64,run_median_s,0.000736
eregalloc-c0,fixture:int128-aarch64,run_min_s,0.000708
eregalloc-c0+spectral,fixture:int128-aarch64,compile_s,6.304
eregalloc-c0+spectral,fixture:int128-aarch64,obj_bytes,104168
eregalloc-c0+spectral,fixture:int128-aarch64,text_bytes,89953
eregalloc-c0+spectral,fixture:int128-aarch64,insns,21953
eregalloc-c0+spectral,fixture:int128-aarch64,ldr_sp,4282
eregalloc-c0+spectral,fixture:int128-aarch64,str_sp,4543
eregalloc-c0+spectral,fixture:int128-aarch64,ldp_sp,0
eregalloc-c0+spectral,fixture:int128-aarch64,stp_sp,0
eregalloc-c0+spectral,fixture:int128-aarch64,mov_imm,4232
eregalloc-c0+spectral,fixture:int128-aarch64,objects,1
eregalloc-c0+spectral,fixture:int128-aarch64,correct,1
eregalloc-c0+spectral,fixture:int128-aarch64,run_median_s,0.000754
eregalloc-c0+spectral,fixture:int128-aarch64,run_min_s,0.000705
eregalloc-c2,fixture:int128-aarch64,compile_s,9.772
eregalloc-c2,fixture:int128-aarch64,obj_bytes,104152
eregalloc-c2,fixture:int128-aarch64,text_bytes,89937
eregalloc-c2,fixture:int128-aarch64,insns,21949
eregalloc-c2,fixture:int128-aarch64,ldr_sp,4258
eregalloc-c2,fixture:int128-aarch64,str_sp,4537
eregalloc-c2,fixture:int128-aarch64,ldp_sp,0
eregalloc-c2,fixture:int128-aarch64,stp_sp,0
eregalloc-c2,fixture:int128-aarch64,mov_imm,4263
eregalloc-c2,fixture:int128-aarch64,objects,1
eregalloc-c2,fixture:int128-aarch64,correct,1
eregalloc-c2,fixture:int128-aarch64,run_median_s,0.00073
eregalloc-c2,fixture:int128-aarch64,run_min_s,0.000698
eregalloc-c2+spectral,fixture:int128-aarch64,compile_s,9.788
eregalloc-c2+spectral,fixture:int128-aarch64,obj_bytes,104136
eregalloc-c2+spectral,fixture:int128-aarch64,text_bytes,89921
eregalloc-c2+spectral,fixture:int128-aarch64,insns,21945
eregalloc-c2+spectral,fixture:int128-aarch64,ldr_sp,4256
eregalloc-c2+spectral,fixture:int128-aarch64,str_sp,4534
eregalloc-c2+spectral,fixture:int128-aarch64,ldp_sp,0
eregalloc-c2+spectral,fixture:int128-aarch64,stp_sp,0
eregalloc-c2+spectral,fixture:int128-aarch64,mov_imm,4264
eregalloc-c2+spectral,fixture:int128-aarch64,objects,1
eregalloc-c2+spectral,fixture:int128-aarch64,correct,1
eregalloc-c2+spectral,fixture:int128-aarch64,run_median_s,0.000683
eregalloc-c2+spectral,fixture:int128-aarch64,run_min_s,0.000656
baseline,fixture:hashmap-aarch64,compile_s,8.201
baseline,fixture:hashmap-aarch64,obj_bytes,147512
baseline,fixture:hashmap-aarch64,text_bytes,132321
baseline,fixture:hashmap-aarch64,insns,32976
baseline,fixture:hashmap-aarch64,ldr_sp,6960
baseline,fixture:hashmap-aarch64,str_sp,6227
baseline,fixture:hashmap-aarch64,ldp_sp,0
baseline,fixture:hashmap-aarch64,stp_sp,0
baseline,fixture:hashmap-aarch64,mov_imm,6599
baseline,fixture:hashmap-aarch64,objects,1
baseline,fixture:hashmap-aarch64,correct,1
baseline,fixture:hashmap-aarch64,run_median_s,0.000825
baseline,fixture:hashmap-aarch64,run_min_s,0.000785
weighted,fixture:hashmap-aarch64,compile_s,8.388
weighted,fixture:hashmap-aarch64,obj_bytes,159376
weighted,fixture:hashmap-aarch64,text_bytes,144185
weighted,fixture:hashmap-aarch64,insns,35942
weighted,fixture:hashmap-aarch64,ldr_sp,8234
weighted,fixture:hashmap-aarch64,str_sp,7917
weighted,fixture:hashmap-aarch64,ldp_sp,0
weighted,fixture:hashmap-aarch64,stp_sp,0
weighted,fixture:hashmap-aarch64,mov_imm,6599
weighted,fixture:hashmap-aarch64,objects,1
weighted,fixture:hashmap-aarch64,correct,1
weighted,fixture:hashmap-aarch64,run_median_s,0.000781
weighted,fixture:hashmap-aarch64,run_min_s,0.00076
weighted+remat,fixture:hashmap-aarch64,compile_s,8.418
weighted+remat,fixture:hashmap-aarch64,obj_bytes,174152
weighted+remat,fixture:hashmap-aarch64,text_bytes,158965
weighted+remat,fixture:hashmap-aarch64,insns,39637
weighted+remat,fixture:hashmap-aarch64,ldr_sp,7239
weighted+remat,fixture:hashmap-aarch64,str_sp,9687
weighted+remat,fixture:hashmap-aarch64,ldp_sp,0
weighted+remat,fixture:hashmap-aarch64,stp_sp,0
weighted+remat,fixture:hashmap-aarch64,mov_imm,9517
weighted+remat,fixture:hashmap-aarch64,objects,1
weighted+remat,fixture:hashmap-aarch64,correct,1
weighted+remat,fixture:hashmap-aarch64,run_median_s,0.000746
weighted+remat,fixture:hashmap-aarch64,run_min_s,0.00072
weighted+remat+spectral,fixture:hashmap-aarch64,compile_s,8.293
weighted+remat+spectral,fixture:hashmap-aarch64,obj_bytes,173240
weighted+remat+spectral,fixture:hashmap-aarch64,text_bytes,158049
weighted+remat+spectral,fixture:hashmap-aarch64,insns,39408
weighted+remat+spectral,fixture:hashmap-aarch64,ldr_sp,7182
weighted+remat+spectral,fixture:hashmap-aarch64,str_sp,9554
weighted+remat+spectral,fixture:hashmap-aarch64,ldp_sp,0
weighted+remat+spectral,fixture:hashmap-aarch64,stp_sp,0
weighted+remat+spectral,fixture:hashmap-aarch64,mov_imm,9478
weighted+remat+spectral,fixture:hashmap-aarch64,objects,1
weighted+remat+spectral,fixture:hashmap-aarch64,correct,1
weighted+remat+spectral,fixture:hashmap-aarch64,run_median_s,0.000771
weighted+remat+spectral,fixture:hashmap-aarch64,run_min_s,0.000727
eregalloc-c0,fixture:hashmap-aarch64,compile_s,9.104
eregalloc-c0,fixture:hashmap-aarch64,obj_bytes,147632
eregalloc-c0,fixture:hashmap-aarch64,text_bytes,132441
eregalloc-c0,fixture:hashmap-aarch64,insns,33006
eregalloc-c0,fixture:hashmap-aarch64,ldr_sp,6640
eregalloc-c0,fixture:hashmap-aarch64,str_sp,6355
eregalloc-c0,fixture:hashmap-aarch64,ldp_sp,0
eregalloc-c0,fixture:hashmap-aarch64,stp_sp,0
eregalloc-c0,fixture:hashmap-aarch64,mov_imm,6817
eregalloc-c0,fixture:hashmap-aarch64,objects,1
eregalloc-c0,fixture:hashmap-aarch64,correct,1
eregalloc-c0,fixture:hashmap-aarch64,run_median_s,0.000801
eregalloc-c0,fixture:hashmap-aarch64,run_min_s,0.000779
eregalloc-c0+spectral,fixture:hashmap-aarch64,compile_s,9.269
eregalloc-c0+spectral,fixture:hashmap-aarch64,obj_bytes,147616
eregalloc-c0+spectral,fixture:hashmap-aarch64,text_bytes,132429
eregalloc-c0+spectral,fixture:hashmap-aarch64,insns,33003
eregalloc-c0+spectral,fixture:hashmap-aarch64,ldr_sp,6631
eregalloc-c0+spectral,fixture:hashmap-aarch64,str_sp,6349
eregalloc-c0+spectral,fixture:hashmap-aarch64,ldp_sp,0
eregalloc-c0+spectral,fixture:hashmap-aarch64,stp_sp,0
eregalloc-c0+spectral,fixture:hashmap-aarch64,mov_imm,6829
eregalloc-c0+spectral,fixture:hashmap-aarch64,objects,1
eregalloc-c0+spectral,fixture:hashmap-aarch64,correct,1
eregalloc-c0+spectral,fixture:hashmap-aarch64,run_median_s,0.000779
eregalloc-c0+spectral,fixture:hashmap-aarch64,run_min_s,0.000741
eregalloc-c2,fixture:hashmap-aarch64,compile_s,16.806
eregalloc-c2,fixture:hashmap-aarch64,obj_bytes,147536
eregalloc-c2,fixture:hashmap-aarch64,text_bytes,132345
eregalloc-c2,fixture:hashmap-aarch64,insns,32982
eregalloc-c2,fixture:hashmap-aarch64,ldr_sp,6633
eregalloc-c2,fixture:hashmap-aarch64,str_sp,6348
eregalloc-c2,fixture:hashmap-aarch64,ldp_sp,0
eregalloc-c2,fixture:hashmap-aarch64,stp_sp,0
eregalloc-c2,fixture:hashmap-aarch64,mov_imm,6811
eregalloc-c2,fixture:hashmap-aarch64,objects,1
eregalloc-c2,fixture:hashmap-aarch64,correct,1
eregalloc-c2,fixture:hashmap-aarch64,run_median_s,0.000773
eregalloc-c2,fixture:hashmap-aarch64,run_min_s,0.000744
eregalloc-c2+spectral,fixture:hashmap-aarch64,compile_s,16.602
eregalloc-c2+spectral,fixture:hashmap-aarch64,obj_bytes,147520
eregalloc-c2+spectral,fixture:hashmap-aarch64,text_bytes,132333
eregalloc-c2+spectral,fixture:hashmap-aarch64,insns,32979
eregalloc-c2+spectral,fixture:hashmap-aarch64,ldr_sp,6624
eregalloc-c2+spectral,fixture:hashmap-aarch64,str_sp,6342
eregalloc-c2+spectral,fixture:hashmap-aarch64,ldp_sp,0
eregalloc-c2+spectral,fixture:hashmap-aarch64,stp_sp,0
eregalloc-c2+spectral,fixture:hashmap-aarch64,mov_imm,6823
eregalloc-c2+spectral,fixture:hashmap-aarch64,objects,1
eregalloc-c2+spectral,fixture:hashmap-aarch64,correct,1
eregalloc-c2+spectral,fixture:hashmap-aarch64,run_median_s,0.000817
eregalloc-c2+spectral,fixture:hashmap-aarch64,run_min_s,0.000765
baseline,fixture:itoa-aarch64,compile_s,1.285
baseline,fixture:itoa-aarch64,obj_bytes,22872
baseline,fixture:itoa-aarch64,text_bytes,19071
baseline,fixture:itoa-aarch64,insns,4653
baseline,fixture:itoa-aarch64,ldr_sp,1018
baseline,fixture:itoa-aarch64,str_sp,700
baseline,fixture:itoa-aarch64,ldp_sp,0
baseline,fixture:itoa-aarch64,stp_sp,0
baseline,fixture:itoa-aarch64,mov_imm,700
baseline,fixture:itoa-aarch64,objects,1
baseline,fixture:itoa-aarch64,correct,1
baseline,fixture:itoa-aarch64,run_median_s,0.000708
baseline,fixture:itoa-aarch64,run_min_s,0.000656
weighted,fixture:itoa-aarch64,compile_s,1.312
weighted,fixture:itoa-aarch64,obj_bytes,23080
weighted,fixture:itoa-aarch64,text_bytes,19279
weighted,fixture:itoa-aarch64,insns,4705
weighted,fixture:itoa-aarch64,ldr_sp,1038
weighted,fixture:itoa-aarch64,str_sp,732
weighted,fixture:itoa-aarch64,ldp_sp,0
weighted,fixture:itoa-aarch64,stp_sp,0
weighted,fixture:itoa-aarch64,mov_imm,700
weighted,fixture:itoa-aarch64,objects,1
weighted,fixture:itoa-aarch64,correct,1
weighted,fixture:itoa-aarch64,run_median_s,0.000718
weighted,fixture:itoa-aarch64,run_min_s,0.000688
weighted+remat,fixture:itoa-aarch64,compile_s,1.295
weighted+remat,fixture:itoa-aarch64,obj_bytes,23144
weighted+remat,fixture:itoa-aarch64,text_bytes,19339
weighted+remat,fixture:itoa-aarch64,insns,4720
weighted+remat,fixture:itoa-aarch64,ldr_sp,922
weighted+remat,fixture:itoa-aarch64,str_sp,740
weighted+remat,fixture:itoa-aarch64,ldp_sp,0
weighted+remat,fixture:itoa-aarch64,stp_sp,0
weighted+remat,fixture:itoa-aarch64,mov_imm,823
weighted+remat,fixture:itoa-aarch64,objects,1
weighted+remat,fixture:itoa-aarch64,correct,1
weighted+remat,fixture:itoa-aarch64,run_median_s,0.000702
weighted+remat,fixture:itoa-aarch64,run_min_s,0.000669
weighted+remat+spectral,fixture:itoa-aarch64,compile_s,1.297
weighted+remat+spectral,fixture:itoa-aarch64,obj_bytes,23144
weighted+remat+spectral,fixture:itoa-aarch64,text_bytes,19339
weighted+remat+spectral,fixture:itoa-aarch64,insns,4720
weighted+remat+spectral,fixture:itoa-aarch64,ldr_sp,922
weighted+remat+spectral,fixture:itoa-aarch64,str_sp,740
weighted+remat+spectral,fixture:itoa-aarch64,ldp_sp,0
weighted+remat+spectral,fixture:itoa-aarch64,stp_sp,0
weighted+remat+spectral,fixture:itoa-aarch64,mov_imm,823
weighted+remat+spectral,fixture:itoa-aarch64,objects,1
weighted+remat+spectral,fixture:itoa-aarch64,correct,1
weighted+remat+spectral,fixture:itoa-aarch64,run_median_s,0.000706
weighted+remat+spectral,fixture:itoa-aarch64,run_min_s,0.000664
eregalloc-c0,fixture:itoa-aarch64,compile_s,1.331
eregalloc-c0,fixture:itoa-aarch64,obj_bytes,22888
eregalloc-c0,fixture:itoa-aarch64,text_bytes,19083
eregalloc-c0,fixture:itoa-aarch64,insns,4656
eregalloc-c0,fixture:itoa-aarch64,ldr_sp,927
eregalloc-c0,fixture:itoa-aarch64,str_sp,694
eregalloc-c0,fixture:itoa-aarch64,ldp_sp,0
eregalloc-c0,fixture:itoa-aarch64,stp_sp,0
eregalloc-c0,fixture:itoa-aarch64,mov_imm,792
eregalloc-c0,fixture:itoa-aarch64,objects,1
eregalloc-c0,fixture:itoa-aarch64,correct,1
eregalloc-c0,fixture:itoa-aarch64,run_median_s,0.000891
eregalloc-c0,fixture:itoa-aarch64,run_min_s,0.000862
eregalloc-c0+spectral,fixture:itoa-aarch64,compile_s,1.359
eregalloc-c0+spectral,fixture:itoa-aarch64,obj_bytes,22888
eregalloc-c0+spectral,fixture:itoa-aarch64,text_bytes,19083
eregalloc-c0+spectral,fixture:itoa-aarch64,insns,4656
eregalloc-c0+spectral,fixture:itoa-aarch64,ldr_sp,927
eregalloc-c0+spectral,fixture:itoa-aarch64,str_sp,694
eregalloc-c0+spectral,fixture:itoa-aarch64,ldp_sp,0
eregalloc-c0+spectral,fixture:itoa-aarch64,stp_sp,0
eregalloc-c0+spectral,fixture:itoa-aarch64,mov_imm,792
eregalloc-c0+spectral,fixture:itoa-aarch64,objects,1
eregalloc-c0+spectral,fixture:itoa-aarch64,correct,1
eregalloc-c0+spectral,fixture:itoa-aarch64,run_median_s,0.000541
eregalloc-c0+spectral,fixture:itoa-aarch64,run_min_s,0.000516
eregalloc-c2,fixture:itoa-aarch64,compile_s,1.772
eregalloc-c2,fixture:itoa-aarch64,obj_bytes,22824
eregalloc-c2,fixture:itoa-aarch64,text_bytes,19019
eregalloc-c2,fixture:itoa-aarch64,insns,4640
eregalloc-c2,fixture:itoa-aarch64,ldr_sp,927
eregalloc-c2,fixture:itoa-aarch64,str_sp,694
eregalloc-c2,fixture:itoa-aarch64,ldp_sp,0
eregalloc-c2,fixture:itoa-aarch64,stp_sp,0
eregalloc-c2,fixture:itoa-aarch64,mov_imm,784
eregalloc-c2,fixture:itoa-aarch64,objects,1
eregalloc-c2,fixture:itoa-aarch64,correct,1
eregalloc-c2,fixture:itoa-aarch64,run_median_s,0.00096
eregalloc-c2,fixture:itoa-aarch64,run_min_s,0.000712
eregalloc-c2+spectral,fixture:itoa-aarch64,compile_s,1.763
eregalloc-c2+spectral,fixture:itoa-aarch64,obj_bytes,22824
eregalloc-c2+spectral,fixture:itoa-aarch64,text_bytes,19019
eregalloc-c2+spectral,fixture:itoa-aarch64,insns,4640
eregalloc-c2+spectral,fixture:itoa-aarch64,ldr_sp,927
eregalloc-c2+spectral,fixture:itoa-aarch64,str_sp,694
eregalloc-c2+spectral,fixture:itoa-aarch64,ldp_sp,0
eregalloc-c2+spectral,fixture:itoa-aarch64,stp_sp,0
eregalloc-c2+spectral,fixture:itoa-aarch64,mov_imm,784
eregalloc-c2+spectral,fixture:itoa-aarch64,objects,1
eregalloc-c2+spectral,fixture:itoa-aarch64,correct,1
eregalloc-c2+spectral,fixture:itoa-aarch64,run_median_s,0.000678
eregalloc-c2+spectral,fixture:itoa-aarch64,run_min_s,0.000617
baseline,fixture:oc-course,compile_s,0.132
baseline,fixture:oc-course,obj_bytes,1992
baseline,fixture:oc-course,text_bytes,559
baseline,fixture:oc-course,insns,137
baseline,fixture:oc-course,ldr_sp,25
baseline,fixture:oc-course,str_sp,22
baseline,fixture:oc-course,ldp_sp,0
baseline,fixture:oc-course,stp_sp,0
baseline,fixture:oc-course,mov_imm,14
baseline,fixture:oc-course,objects,1
baseline,fixture:oc-course,correct,1
baseline,fixture:oc-course,run_median_s,0.000666
baseline,fixture:oc-course,run_min_s,0.00062
weighted,fixture:oc-course,compile_s,0.142
weighted,fixture:oc-course,obj_bytes,2040
weighted,fixture:oc-course,text_bytes,603
weighted,fixture:oc-course,insns,148
weighted,fixture:oc-course,ldr_sp,30
weighted,fixture:oc-course,str_sp,28
weighted,fixture:oc-course,ldp_sp,0
weighted,fixture:oc-course,stp_sp,0
weighted,fixture:oc-course,mov_imm,14
weighted,fixture:oc-course,objects,1
weighted,fixture:oc-course,correct,1
weighted,fixture:oc-course,run_median_s,0.000652
weighted,fixture:oc-course,run_min_s,0.000612
weighted+remat,fixture:oc-course,compile_s,0.13
weighted+remat,fixture:oc-course,obj_bytes,2040
weighted+remat,fixture:oc-course,text_bytes,603
weighted+remat,fixture:oc-course,insns,148
weighted+remat,fixture:oc-course,ldr_sp,25
weighted+remat,fixture:oc-course,str_sp,28
weighted+remat,fixture:oc-course,ldp_sp,0
weighted+remat,fixture:oc-course,stp_sp,0
weighted+remat,fixture:oc-course,mov_imm,19
weighted+remat,fixture:oc-course,objects,1
weighted+remat,fixture:oc-course,correct,1
weighted+remat,fixture:oc-course,run_median_s,0.000633
weighted+remat,fixture:oc-course,run_min_s,0.000606
weighted+remat+spectral,fixture:oc-course,compile_s,0.131
weighted+remat+spectral,fixture:oc-course,obj_bytes,2040
weighted+remat+spectral,fixture:oc-course,text_bytes,607
weighted+remat+spectral,fixture:oc-course,insns,149
weighted+remat+spectral,fixture:oc-course,ldr_sp,26
weighted+remat+spectral,fixture:oc-course,str_sp,28
weighted+remat+spectral,fixture:oc-course,ldp_sp,0
weighted+remat+spectral,fixture:oc-course,stp_sp,0
weighted+remat+spectral,fixture:oc-course,mov_imm,19
weighted+remat+spectral,fixture:oc-course,objects,1
weighted+remat+spectral,fixture:oc-course,correct,1
weighted+remat+spectral,fixture:oc-course,run_median_s,0.00076
weighted+remat+spectral,fixture:oc-course,run_min_s,0.000734
eregalloc-c0,fixture:oc-course,compile_s,0.145
eregalloc-c0,fixture:oc-course,obj_bytes,2000
eregalloc-c0,fixture:oc-course,text_bytes,563
eregalloc-c0,fixture:oc-course,insns,138
eregalloc-c0,fixture:oc-course,ldr_sp,25
eregalloc-c0,fixture:oc-course,str_sp,23
eregalloc-c0,fixture:oc-course,ldp_sp,0
eregalloc-c0,fixture:oc-course,stp_sp,0
eregalloc-c0,fixture:oc-course,mov_imm,14
eregalloc-c0,fixture:oc-course,objects,1
eregalloc-c0,fixture:oc-course,correct,1
eregalloc-c0,fixture:oc-course,run_median_s,0.000941
eregalloc-c0,fixture:oc-course,run_min_s,0.000693
eregalloc-c0+spectral,fixture:oc-course,compile_s,0.155
eregalloc-c0+spectral,fixture:oc-course,obj_bytes,2000
eregalloc-c0+spectral,fixture:oc-course,text_bytes,563
eregalloc-c0+spectral,fixture:oc-course,insns,138
eregalloc-c0+spectral,fixture:oc-course,ldr_sp,25
eregalloc-c0+spectral,fixture:oc-course,str_sp,23
eregalloc-c0+spectral,fixture:oc-course,ldp_sp,0
eregalloc-c0+spectral,fixture:oc-course,stp_sp,0
eregalloc-c0+spectral,fixture:oc-course,mov_imm,14
eregalloc-c0+spectral,fixture:oc-course,objects,1
eregalloc-c0+spectral,fixture:oc-course,correct,1
eregalloc-c0+spectral,fixture:oc-course,run_median_s,0.000726
eregalloc-c0+spectral,fixture:oc-course,run_min_s,0.00069
eregalloc-c2,fixture:oc-course,compile_s,0.152
eregalloc-c2,fixture:oc-course,obj_bytes,2000
eregalloc-c2,fixture:oc-course,text_bytes,563
eregalloc-c2,fixture:oc-course,insns,138
eregalloc-c2,fixture:oc-course,ldr_sp,25
eregalloc-c2,fixture:oc-course,str_sp,23
eregalloc-c2,fixture:oc-course,ldp_sp,0
eregalloc-c2,fixture:oc-course,stp_sp,0
eregalloc-c2,fixture:oc-course,mov_imm,14
eregalloc-c2,fixture:oc-course,objects,1
eregalloc-c2,fixture:oc-course,correct,1
eregalloc-c2,fixture:oc-course,run_median_s,0.000651
eregalloc-c2,fixture:oc-course,run_min_s,0.000614
eregalloc-c2+spectral,fixture:oc-course,compile_s,0.154
eregalloc-c2+spectral,fixture:oc-course,obj_bytes,2000
eregalloc-c2+spectral,fixture:oc-course,text_bytes,563
eregalloc-c2+spectral,fixture:oc-course,insns,138
eregalloc-c2+spectral,fixture:oc-course,ldr_sp,25
eregalloc-c2+spectral,fixture:oc-course,str_sp,23
eregalloc-c2+spectral,fixture:oc-course,ldp_sp,0
eregalloc-c2+spectral,fixture:oc-course,stp_sp,0
eregalloc-c2+spectral,fixture:oc-course,mov_imm,14
eregalloc-c2+spectral,fixture:oc-course,objects,1
eregalloc-c2+spectral,fixture:oc-course,correct,1
eregalloc-c2+spectral,fixture:oc-course,run_median_s,0.000712
eregalloc-c2+spectral,fixture:oc-course,run_min_s,0.000686
baseline,fixture:stdin-aarch64,compile_s,8.134
baseline,fixture:stdin-aarch64,obj_bytes,52592
baseline,fixture:stdin-aarch64,text_bytes,45428
baseline,fixture:stdin-aarch64,insns,11192
baseline,fixture:stdin-aarch64,ldr_sp,1981
baseline,fixture:stdin-aarch64,str_sp,1785
baseline,fixture:stdin-aarch64,ldp_sp,0
baseline,fixture:stdin-aarch64,stp_sp,0
baseline,fixture:stdin-aarch64,mov_imm,2623
baseline,fixture:stdin-aarch64,objects,1
baseline,fixture:stdin-aarch64,correct,1
baseline,fixture:stdin-aarch64,run_median_s,0.000755
baseline,fixture:stdin-aarch64,run_min_s,0.000709
weighted,fixture:stdin-aarch64,compile_s,8.177
weighted,fixture:stdin-aarch64,obj_bytes,62984
weighted,fixture:stdin-aarch64,text_bytes,55820
weighted,fixture:stdin-aarch64,insns,13790
weighted,fixture:stdin-aarch64,ldr_sp,3207
weighted,fixture:stdin-aarch64,str_sp,3155
weighted,fixture:stdin-aarch64,ldp_sp,0
weighted,fixture:stdin-aarch64,stp_sp,0
weighted,fixture:stdin-aarch64,mov_imm,2623
weighted,fixture:stdin-aarch64,objects,1
weighted,fixture:stdin-aarch64,correct,1
weighted,fixture:stdin-aarch64,run_median_s,0.000726
weighted,fixture:stdin-aarch64,run_min_s,0.000685
weighted+remat,fixture:stdin-aarch64,compile_s,8.165
weighted+remat,fixture:stdin-aarch64,obj_bytes,65168
weighted+remat,fixture:stdin-aarch64,text_bytes,58004
weighted+remat,fixture:stdin-aarch64,insns,14336
weighted+remat,fixture:stdin-aarch64,ldr_sp,2806
weighted+remat,fixture:stdin-aarch64,str_sp,3394
weighted+remat,fixture:stdin-aarch64,ldp_sp,0
weighted+remat,fixture:stdin-aarch64,stp_sp,0
weighted+remat,fixture:stdin-aarch64,mov_imm,3329
weighted+remat,fixture:stdin-aarch64,objects,1
weighted+remat,fixture:stdin-aarch64,correct,1
weighted+remat,fixture:stdin-aarch64,run_median_s,0.000763
weighted+remat,fixture:stdin-aarch64,run_min_s,0.000719
weighted+remat+spectral,fixture:stdin-aarch64,compile_s,8.314
weighted+remat+spectral,fixture:stdin-aarch64,obj_bytes,66224
weighted+remat+spectral,fixture:stdin-aarch64,text_bytes,59064
weighted+remat+spectral,fixture:stdin-aarch64,insns,14601
weighted+remat+spectral,fixture:stdin-aarch64,ldr_sp,2959
weighted+remat+spectral,fixture:stdin-aarch64,str_sp,3501
weighted+remat+spectral,fixture:stdin-aarch64,ldp_sp,0
weighted+remat+spectral,fixture:stdin-aarch64,stp_sp,0
weighted+remat+spectral,fixture:stdin-aarch64,mov_imm,3334
weighted+remat+spectral,fixture:stdin-aarch64,objects,1
weighted+remat+spectral,fixture:stdin-aarch64,correct,1
weighted+remat+spectral,fixture:stdin-aarch64,run_median_s,0.000763
weighted+remat+spectral,fixture:stdin-aarch64,run_min_s,0.000721
eregalloc-c0,fixture:stdin-aarch64,compile_s,8.288
eregalloc-c0,fixture:stdin-aarch64,obj_bytes,53200
eregalloc-c0,fixture:stdin-aarch64,text_bytes,46040
eregalloc-c0,fixture:stdin-aarch64,insns,11345
eregalloc-c0,fixture:stdin-aarch64,ldr_sp,1967
eregalloc-c0,fixture:stdin-aarch64,str_sp,1866
eregalloc-c0,fixture:stdin-aarch64,ldp_sp,0
eregalloc-c0,fixture:stdin-aarch64,stp_sp,0
eregalloc-c0,fixture:stdin-aarch64,mov_imm,2704
eregalloc-c0,fixture:stdin-aarch64,objects,1
eregalloc-c0,fixture:stdin-aarch64,correct,1
eregalloc-c0,fixture:stdin-aarch64,run_median_s,0.000736
eregalloc-c0,fixture:stdin-aarch64,run_min_s,0.000685
eregalloc-c0+spectral,fixture:stdin-aarch64,compile_s,8.278
eregalloc-c0+spectral,fixture:stdin-aarch64,obj_bytes,52752
eregalloc-c0+spectral,fixture:stdin-aarch64,text_bytes,45588
eregalloc-c0+spectral,fixture:stdin-aarch64,insns,11232
eregalloc-c0+spectral,fixture:stdin-aarch64,ldr_sp,1964
eregalloc-c0+spectral,fixture:stdin-aarch64,str_sp,1807
eregalloc-c0+spectral,fixture:stdin-aarch64,ldp_sp,0
eregalloc-c0+spectral,fixture:stdin-aarch64,stp_sp,0
eregalloc-c0+spectral,fixture:stdin-aarch64,mov_imm,2654
eregalloc-c0+spectral,fixture:stdin-aarch64,objects,1
eregalloc-c0+spectral,fixture:stdin-aarch64,correct,1
eregalloc-c0+spectral,fixture:stdin-aarch64,run_median_s,0.000748
eregalloc-c0+spectral,fixture:stdin-aarch64,run_min_s,0.0007
eregalloc-c2,fixture:stdin-aarch64,compile_s,9.301
eregalloc-c2,fixture:stdin-aarch64,obj_bytes,53152
eregalloc-c2,fixture:stdin-aarch64,text_bytes,45992
eregalloc-c2,fixture:stdin-aarch64,insns,11333
eregalloc-c2,fixture:stdin-aarch64,ldr_sp,1966
eregalloc-c2,fixture:stdin-aarch64,str_sp,1865
eregalloc-c2,fixture:stdin-aarch64,ldp_sp,0
eregalloc-c2,fixture:stdin-aarch64,stp_sp,0
eregalloc-c2,fixture:stdin-aarch64,mov_imm,2699
eregalloc-c2,fixture:stdin-aarch64,objects,1
eregalloc-c2,fixture:stdin-aarch64,correct,1
eregalloc-c2,fixture:stdin-aarch64,run_median_s,0.00078
eregalloc-c2,fixture:stdin-aarch64,run_min_s,0.00073
eregalloc-c2+spectral,fixture:stdin-aarch64,compile_s,9.273
eregalloc-c2+spectral,fixture:stdin-aarch64,obj_bytes,52712
eregalloc-c2+spectral,fixture:stdin-aarch64,text_bytes,45548
eregalloc-c2+spectral,fixture:stdin-aarch64,insns,11222
eregalloc-c2+spectral,fixture:stdin-aarch64,ldr_sp,1963
eregalloc-c2+spectral,fixture:stdin-aarch64,str_sp,1806
eregalloc-c2+spectral,fixture:stdin-aarch64,ldp_sp,0
eregalloc-c2+spectral,fixture:stdin-aarch64,stp_sp,0
eregalloc-c2+spectral,fixture:stdin-aarch64,mov_imm,2650
eregalloc-c2+spectral,fixture:stdin-aarch64,objects,1
eregalloc-c2+spectral,fixture:stdin-aarch64,correct,1
eregalloc-c2+spectral,fixture:stdin-aarch64,run_median_s,0.000984
eregalloc-c2+spectral,fixture:stdin-aarch64,run_min_s,0.000801
baseline,fixture:sudoku-aarch64,compile_s,1.283
baseline,fixture:sudoku-aarch64,obj_bytes,14408
baseline,fixture:sudoku-aarch64,text_bytes,12472
baseline,fixture:sudoku-aarch64,insns,3094
baseline,fixture:sudoku-aarch64,ldr_sp,666
baseline,fixture:sudoku-aarch64,str_sp,677
baseline,fixture:sudoku-aarch64,ldp_sp,0
baseline,fixture:sudoku-aarch64,stp_sp,0
baseline,fixture:sudoku-aarch64,mov_imm,491
baseline,fixture:sudoku-aarch64,objects,1
baseline,fixture:sudoku-aarch64,correct,1
baseline,fixture:sudoku-aarch64,run_median_s,0.001724
baseline,fixture:sudoku-aarch64,run_min_s,0.00162
weighted,fixture:sudoku-aarch64,compile_s,1.321
weighted,fixture:sudoku-aarch64,obj_bytes,16328
weighted,fixture:sudoku-aarch64,text_bytes,14388
weighted,fixture:sudoku-aarch64,insns,3573
weighted,fixture:sudoku-aarch64,ldr_sp,891
weighted,fixture:sudoku-aarch64,str_sp,931
weighted,fixture:sudoku-aarch64,ldp_sp,0
weighted,fixture:sudoku-aarch64,stp_sp,0
weighted,fixture:sudoku-aarch64,mov_imm,491
weighted,fixture:sudoku-aarch64,objects,1
weighted,fixture:sudoku-aarch64,correct,1
weighted,fixture:sudoku-aarch64,run_median_s,0.003462
weighted,fixture:sudoku-aarch64,run_min_s,0.003352
weighted+remat,fixture:sudoku-aarch64,compile_s,1.31
weighted+remat,fixture:sudoku-aarch64,obj_bytes,17168
weighted+remat,fixture:sudoku-aarch64,text_bytes,15228
weighted+remat,fixture:sudoku-aarch64,insns,3783
weighted+remat,fixture:sudoku-aarch64,ldr_sp,781
weighted+remat,fixture:sudoku-aarch64,str_sp,1036
weighted+remat,fixture:sudoku-aarch64,ldp_sp,0
weighted+remat,fixture:sudoku-aarch64,stp_sp,0
weighted+remat,fixture:sudoku-aarch64,mov_imm,706
weighted+remat,fixture:sudoku-aarch64,objects,1
weighted+remat,fixture:sudoku-aarch64,correct,1
weighted+remat,fixture:sudoku-aarch64,run_median_s,0.003101
weighted+remat,fixture:sudoku-aarch64,run_min_s,0.003018
weighted+remat+spectral,fixture:sudoku-aarch64,compile_s,1.301
weighted+remat+spectral,fixture:sudoku-aarch64,obj_bytes,16384
weighted+remat+spectral,fixture:sudoku-aarch64,text_bytes,14444
weighted+remat+spectral,fixture:sudoku-aarch64,insns,3587
weighted+remat+spectral,fixture:sudoku-aarch64,ldr_sp,705
weighted+remat+spectral,fixture:sudoku-aarch64,str_sp,932
weighted+remat+spectral,fixture:sudoku-aarch64,ldp_sp,0
weighted+remat+spectral,fixture:sudoku-aarch64,stp_sp,0
weighted+remat+spectral,fixture:sudoku-aarch64,mov_imm,690
weighted+remat+spectral,fixture:sudoku-aarch64,objects,1
weighted+remat+spectral,fixture:sudoku-aarch64,correct,1
weighted+remat+spectral,fixture:sudoku-aarch64,run_median_s,0.002709
weighted+remat+spectral,fixture:sudoku-aarch64,run_min_s,0.00261
eregalloc-c0,fixture:sudoku-aarch64,compile_s,1.355
eregalloc-c0,fixture:sudoku-aarch64,obj_bytes,14464
eregalloc-c0,fixture:sudoku-aarch64,text_bytes,12524
eregalloc-c0,fixture:sudoku-aarch64,insns,3107
eregalloc-c0,fixture:sudoku-aarch64,ldr_sp,649
eregalloc-c0,fixture:sudoku-aarch64,str_sp,685
eregalloc-c0,fixture:sudoku-aarch64,ldp_sp,0
eregalloc-c0,fixture:sudoku-aarch64,stp_sp,0
eregalloc-c0,fixture:sudoku-aarch64,mov_imm,510
eregalloc-c0,fixture:sudoku-aarch64,objects,1
eregalloc-c0,fixture:sudoku-aarch64,correct,1
eregalloc-c0,fixture:sudoku-aarch64,run_median_s,0.001674
eregalloc-c0,fixture:sudoku-aarch64,run_min_s,0.001594
eregalloc-c0+spectral,fixture:sudoku-aarch64,compile_s,1.329
eregalloc-c0+spectral,fixture:sudoku-aarch64,obj_bytes,14480
eregalloc-c0+spectral,fixture:sudoku-aarch64,text_bytes,12540
eregalloc-c0+spectral,fixture:sudoku-aarch64,insns,3111
eregalloc-c0+spectral,fixture:sudoku-aarch64,ldr_sp,648
eregalloc-c0+spectral,fixture:sudoku-aarch64,str_sp,687
eregalloc-c0+spectral,fixture:sudoku-aarch64,ldp_sp,0
eregalloc-c0+spectral,fixture:sudoku-aarch64,stp_sp,0
eregalloc-c0+spectral,fixture:sudoku-aarch64,mov_imm,512
eregalloc-c0+spectral,fixture:sudoku-aarch64,objects,1
eregalloc-c0+spectral,fixture:sudoku-aarch64,correct,1
eregalloc-c0+spectral,fixture:sudoku-aarch64,run_median_s,0.001664
eregalloc-c0+spectral,fixture:sudoku-aarch64,run_min_s,0.001566
eregalloc-c2,fixture:sudoku-aarch64,compile_s,1.601
eregalloc-c2,fixture:sudoku-aarch64,obj_bytes,14432
eregalloc-c2,fixture:sudoku-aarch64,text_bytes,12492
eregalloc-c2,fixture:sudoku-aarch64,insns,3099
eregalloc-c2,fixture:sudoku-aarch64,ldr_sp,648
eregalloc-c2,fixture:sudoku-aarch64,str_sp,684
eregalloc-c2,fixture:sudoku-aarch64,ldp_sp,0
eregalloc-c2,fixture:sudoku-aarch64,stp_sp,0
eregalloc-c2,fixture:sudoku-aarch64,mov_imm,507
eregalloc-c2,fixture:sudoku-aarch64,objects,1
eregalloc-c2,fixture:sudoku-aarch64,correct,1
eregalloc-c2,fixture:sudoku-aarch64,run_median_s,0.001906
eregalloc-c2,fixture:sudoku-aarch64,run_min_s,0.001615
eregalloc-c2+spectral,fixture:sudoku-aarch64,compile_s,1.626
eregalloc-c2+spectral,fixture:sudoku-aarch64,obj_bytes,14440
eregalloc-c2+spectral,fixture:sudoku-aarch64,text_bytes,12500
eregalloc-c2+spectral,fixture:sudoku-aarch64,insns,3101
eregalloc-c2+spectral,fixture:sudoku-aarch64,ldr_sp,647
eregalloc-c2+spectral,fixture:sudoku-aarch64,str_sp,686
eregalloc-c2+spectral,fixture:sudoku-aarch64,ldp_sp,0
eregalloc-c2+spectral,fixture:sudoku-aarch64,stp_sp,0
eregalloc-c2+spectral,fixture:sudoku-aarch64,mov_imm,508
eregalloc-c2+spectral,fixture:sudoku-aarch64,objects,1
eregalloc-c2+spectral,fixture:sudoku-aarch64,correct,1
eregalloc-c2+spectral,fixture:sudoku-aarch64,run_median_s,0.001643
eregalloc-c2+spectral,fixture:sudoku-aarch64,run_min_s,0.001572
baseline,fixture:sudoku-solver,compile_s,14.431
baseline,fixture:sudoku-solver,obj_bytes,108592
baseline,fixture:sudoku-solver,text_bytes,100724
baseline,fixture:sudoku-solver,insns,24792
baseline,fixture:sudoku-solver,ldr_sp,5614
baseline,fixture:sudoku-solver,str_sp,4956
baseline,fixture:sudoku-solver,ldp_sp,0
baseline,fixture:sudoku-solver,stp_sp,0
baseline,fixture:sudoku-solver,mov_imm,4404
baseline,fixture:sudoku-solver,objects,1
baseline,fixture:sudoku-solver,correct,1
baseline,fixture:sudoku-solver,run_median_s,0.000932
baseline,fixture:sudoku-solver,run_min_s,0.000891
weighted,fixture:sudoku-solver,compile_s,14.693
weighted,fixture:sudoku-solver,obj_bytes,119440
weighted,fixture:sudoku-solver,text_bytes,111576
weighted,fixture:sudoku-solver,insns,27505
weighted,fixture:sudoku-solver,ldr_sp,6766
weighted,fixture:sudoku-solver,str_sp,6513
weighted,fixture:sudoku-solver,ldp_sp,0
weighted,fixture:sudoku-solver,stp_sp,0
weighted,fixture:sudoku-solver,mov_imm,4404
weighted,fixture:sudoku-solver,objects,1
weighted,fixture:sudoku-solver,correct,1
weighted,fixture:sudoku-solver,run_median_s,0.000913
weighted,fixture:sudoku-solver,run_min_s,0.00087
weighted+remat,fixture:sudoku-solver,compile_s,14.494
weighted+remat,fixture:sudoku-solver,obj_bytes,126200
weighted+remat,fixture:sudoku-solver,text_bytes,118336
weighted+remat,fixture:sudoku-solver,insns,29195
weighted+remat,fixture:sudoku-solver,ldr_sp,6173
weighted+remat,fixture:sudoku-solver,str_sp,7321
weighted+remat,fixture:sudoku-solver,ldp_sp,0
weighted+remat,fixture:sudoku-solver,stp_sp,0
weighted+remat,fixture:sudoku-solver,mov_imm,5877
weighted+remat,fixture:sudoku-solver,objects,1
weighted+remat,fixture:sudoku-solver,correct,1
weighted+remat,fixture:sudoku-solver,run_median_s,0.000997
weighted+remat,fixture:sudoku-solver,run_min_s,0.000945
weighted+remat+spectral,fixture:sudoku-solver,compile_s,14.713
weighted+remat+spectral,fixture:sudoku-solver,obj_bytes,124472
weighted+remat+spectral,fixture:sudoku-solver,text_bytes,116608
weighted+remat+spectral,fixture:sudoku-solver,insns,28763
weighted+remat+spectral,fixture:sudoku-solver,ldr_sp,6018
weighted+remat+spectral,fixture:sudoku-solver,str_sp,7079
weighted+remat+spectral,fixture:sudoku-solver,ldp_sp,0
weighted+remat+spectral,fixture:sudoku-solver,stp_sp,0
weighted+remat+spectral,fixture:sudoku-solver,mov_imm,5842
weighted+remat+spectral,fixture:sudoku-solver,objects,1
weighted+remat+spectral,fixture:sudoku-solver,correct,1
weighted+remat+spectral,fixture:sudoku-solver,run_median_s,0.000939
weighted+remat+spectral,fixture:sudoku-solver,run_min_s,0.000886
eregalloc-c0,fixture:sudoku-solver,compile_s,15.384
eregalloc-c0,fixture:sudoku-solver,obj_bytes,108416
eregalloc-c0,fixture:sudoku-solver,text_bytes,100548
eregalloc-c0,fixture:sudoku-solver,insns,24748
eregalloc-c0,fixture:sudoku-solver,ldr_sp,5295
eregalloc-c0,fixture:sudoku-solver,str_sp,5057
eregalloc-c0,fixture:sudoku-solver,ldp_sp,0
eregalloc-c0,fixture:sudoku-solver,stp_sp,0
eregalloc-c0,fixture:sudoku-solver,mov_imm,4561
eregalloc-c0,fixture:sudoku-solver,objects,1
eregalloc-c0,fixture:sudoku-solver,correct,1
eregalloc-c0,fixture:sudoku-solver,run_median_s,0.000881
eregalloc-c0,fixture:sudoku-solver,run_min_s,0.000843
eregalloc-c0+spectral,fixture:sudoku-solver,compile_s,15.36
eregalloc-c0+spectral,fixture:sudoku-solver,obj_bytes,107904
eregalloc-c0+spectral,fixture:sudoku-solver,text_bytes,100040
eregalloc-c0+spectral,fixture:sudoku-solver,insns,24621
eregalloc-c0+spectral,fixture:sudoku-solver,ldr_sp,5282
eregalloc-c0+spectral,fixture:sudoku-solver,str_sp,4992
eregalloc-c0+spectral,fixture:sudoku-solver,ldp_sp,0
eregalloc-c0+spectral,fixture:sudoku-solver,stp_sp,0
eregalloc-c0+spectral,fixture:sudoku-solver,mov_imm,4513
eregalloc-c0+spectral,fixture:sudoku-solver,objects,1
eregalloc-c0+spectral,fixture:sudoku-solver,correct,1
eregalloc-c0+spectral,fixture:sudoku-solver,run_median_s,0.000903
eregalloc-c0+spectral,fixture:sudoku-solver,run_min_s,0.000825
eregalloc-c2,fixture:sudoku-solver,compile_s,18.532
eregalloc-c2,fixture:sudoku-solver,obj_bytes,108208
eregalloc-c2,fixture:sudoku-solver,text_bytes,100340
eregalloc-c2,fixture:sudoku-solver,insns,24696
eregalloc-c2,fixture:sudoku-solver,ldr_sp,5287
eregalloc-c2,fixture:sudoku-solver,str_sp,5048
eregalloc-c2,fixture:sudoku-solver,ldp_sp,0
eregalloc-c2,fixture:sudoku-solver,stp_sp,0
eregalloc-c2,fixture:sudoku-solver,mov_imm,4543
eregalloc-c2,fixture:sudoku-solver,objects,1
eregalloc-c2,fixture:sudoku-solver,correct,1
eregalloc-c2,fixture:sudoku-solver,run_median_s,0.000939
eregalloc-c2,fixture:sudoku-solver,run_min_s,0.000919
eregalloc-c2+spectral,fixture:sudoku-solver,compile_s,18.507
eregalloc-c2+spectral,fixture:sudoku-solver,obj_bytes,107704
eregalloc-c2+spectral,fixture:sudoku-solver,text_bytes,99840
eregalloc-c2+spectral,fixture:sudoku-solver,insns,24571
eregalloc-c2+spectral,fixture:sudoku-solver,ldr_sp,5274
eregalloc-c2+spectral,fixture:sudoku-solver,str_sp,4983
eregalloc-c2+spectral,fixture:sudoku-solver,ldp_sp,0
eregalloc-c2+spectral,fixture:sudoku-solver,stp_sp,0
eregalloc-c2+spectral,fixture:sudoku-solver,mov_imm,4496
eregalloc-c2+spectral,fixture:sudoku-solver,objects,1
eregalloc-c2+spectral,fixture:sudoku-solver,correct,1
eregalloc-c2+spectral,fixture:sudoku-solver,run_median_s,0.000904
eregalloc-c2+spectral,fixture:sudoku-solver,run_min_s,0.000869
baseline,corpus:div_recurrence,compile_s,5.615
baseline,corpus:div_recurrence,obj_bytes,22776
baseline,corpus:div_recurrence,text_bytes,19147
baseline,corpus:div_recurrence,insns,4669
baseline,corpus:div_recurrence,ldr_sp,929
baseline,corpus:div_recurrence,str_sp,852
baseline,corpus:div_recurrence,ldp_sp,0
baseline,corpus:div_recurrence,stp_sp,0
baseline,corpus:div_recurrence,mov_imm,786
baseline,corpus:div_recurrence,objects,1
baseline,corpus:div_recurrence,kfn_insns,132
baseline,corpus:div_recurrence,kfn_ldr_sp,25
baseline,corpus:div_recurrence,kfn_str_sp,20
baseline,corpus:div_recurrence,kfn_ldp_sp,0
baseline,corpus:div_recurrence,kfn_stp_sp,0
baseline,corpus:div_recurrence,kfn_mov_imm,35
baseline,corpus:div_recurrence,kfn_symbols,1
baseline,corpus:div_recurrence,correct,1
baseline,corpus:div_recurrence,run_median_s,0.648878
baseline,corpus:div_recurrence,run_min_s,0.639497
weighted,corpus:div_recurrence,compile_s,5.706
weighted,corpus:div_recurrence,obj_bytes,23480
weighted,corpus:div_recurrence,text_bytes,19851
weighted,corpus:div_recurrence,insns,4845
weighted,corpus:div_recurrence,ldr_sp,985
weighted,corpus:div_recurrence,str_sp,972
weighted,corpus:div_recurrence,ldp_sp,0
weighted,corpus:div_recurrence,stp_sp,0
weighted,corpus:div_recurrence,mov_imm,786
weighted,corpus:div_recurrence,objects,1
weighted,corpus:div_recurrence,kfn_insns,239
weighted,corpus:div_recurrence,kfn_ldr_sp,75
weighted,corpus:div_recurrence,kfn_str_sp,77
weighted,corpus:div_recurrence,kfn_ldp_sp,0
weighted,corpus:div_recurrence,kfn_stp_sp,0
weighted,corpus:div_recurrence,kfn_mov_imm,35
weighted,corpus:div_recurrence,kfn_symbols,1
weighted,corpus:div_recurrence,correct,1
weighted,corpus:div_recurrence,run_median_s,2.114883
weighted,corpus:div_recurrence,run_min_s,2.111572
weighted+remat,corpus:div_recurrence,compile_s,5.725
weighted+remat,corpus:div_recurrence,obj_bytes,24360
weighted+remat,corpus:div_recurrence,text_bytes,20735
weighted+remat,corpus:div_recurrence,insns,5066
weighted+remat,corpus:div_recurrence,ldr_sp,939
weighted+remat,corpus:div_recurrence,str_sp,1060
weighted+remat,corpus:div_recurrence,ldp_sp,0
weighted+remat,corpus:div_recurrence,stp_sp,0
weighted+remat,corpus:div_recurrence,mov_imm,965
weighted+remat,corpus:div_recurrence,objects,1
weighted+remat,corpus:div_recurrence,kfn_insns,239
weighted+remat,corpus:div_recurrence,kfn_ldr_sp,67
weighted+remat,corpus:div_recurrence,kfn_str_sp,77
weighted+remat,corpus:div_recurrence,kfn_ldp_sp,0
weighted+remat,corpus:div_recurrence,kfn_stp_sp,0
weighted+remat,corpus:div_recurrence,kfn_mov_imm,43
weighted+remat,corpus:div_recurrence,kfn_symbols,1
weighted+remat,corpus:div_recurrence,correct,1
weighted+remat,corpus:div_recurrence,run_median_s,2.08229
weighted+remat,corpus:div_recurrence,run_min_s,2.078434
weighted+remat+spectral,corpus:div_recurrence,compile_s,5.691
weighted+remat+spectral,corpus:div_recurrence,obj_bytes,24384
weighted+remat+spectral,corpus:div_recurrence,text_bytes,20755
weighted+remat+spectral,corpus:div_recurrence,insns,5071
weighted+remat+spectral,corpus:div_recurrence,ldr_sp,943
weighted+remat+spectral,corpus:div_recurrence,str_sp,1058
weighted+remat+spectral,corpus:div_recurrence,ldp_sp,0
weighted+remat+spectral,corpus:div_recurrence,stp_sp,0
weighted+remat+spectral,corpus:div_recurrence,mov_imm,968
weighted+remat+spectral,corpus:div_recurrence,objects,1
weighted+remat+spectral,corpus:div_recurrence,kfn_insns,211
weighted+remat+spectral,corpus:div_recurrence,kfn_ldr_sp,54
weighted+remat+spectral,corpus:div_recurrence,kfn_str_sp,63
weighted+remat+spectral,corpus:div_recurrence,kfn_ldp_sp,0
weighted+remat+spectral,corpus:div_recurrence,kfn_stp_sp,0
weighted+remat+spectral,corpus:div_recurrence,kfn_mov_imm,42
weighted+remat+spectral,corpus:div_recurrence,kfn_symbols,1
weighted+remat+spectral,corpus:div_recurrence,correct,1
weighted+remat+spectral,corpus:div_recurrence,run_median_s,1.831828
weighted+remat+spectral,corpus:div_recurrence,run_min_s,1.821463
eregalloc-c0,corpus:div_recurrence,compile_s,5.733
eregalloc-c0,corpus:div_recurrence,obj_bytes,23136
eregalloc-c0,corpus:div_recurrence,text_bytes,19507
eregalloc-c0,corpus:div_recurrence,insns,4759
eregalloc-c0,corpus:div_recurrence,ldr_sp,899
eregalloc-c0,corpus:div_recurrence,str_sp,904
eregalloc-c0,corpus:div_recurrence,ldp_sp,0
eregalloc-c0,corpus:div_recurrence,stp_sp,0
eregalloc-c0,corpus:div_recurrence,mov_imm,850
eregalloc-c0,corpus:div_recurrence,objects,1
eregalloc-c0,corpus:div_recurrence,kfn_insns,133
eregalloc-c0,corpus:div_recurrence,kfn_ldr_sp,25
eregalloc-c0,corpus:div_recurrence,kfn_str_sp,21
eregalloc-c0,corpus:div_recurrence,kfn_ldp_sp,0
eregalloc-c0,corpus:div_recurrence,kfn_stp_sp,0
eregalloc-c0,corpus:div_recurrence,kfn_mov_imm,35
eregalloc-c0,corpus:div_recurrence,kfn_symbols,1
eregalloc-c0,corpus:div_recurrence,correct,1
eregalloc-c0,corpus:div_recurrence,run_median_s,0.64892
eregalloc-c0,corpus:div_recurrence,run_min_s,0.64668
eregalloc-c0+spectral,corpus:div_recurrence,compile_s,5.736
eregalloc-c0+spectral,corpus:div_recurrence,obj_bytes,22808
eregalloc-c0+spectral,corpus:div_recurrence,text_bytes,19183
eregalloc-c0+spectral,corpus:div_recurrence,insns,4678
eregalloc-c0+spectral,corpus:div_recurrence,ldr_sp,898
eregalloc-c0+spectral,corpus:div_recurrence,str_sp,864
eregalloc-c0+spectral,corpus:div_recurrence,ldp_sp,0
eregalloc-c0+spectral,corpus:div_recurrence,stp_sp,0
eregalloc-c0+spectral,corpus:div_recurrence,mov_imm,810
eregalloc-c0+spectral,corpus:div_recurrence,objects,1
eregalloc-c0+spectral,corpus:div_recurrence,kfn_insns,133
eregalloc-c0+spectral,corpus:div_recurrence,kfn_ldr_sp,25
eregalloc-c0+spectral,corpus:div_recurrence,kfn_str_sp,21
eregalloc-c0+spectral,corpus:div_recurrence,kfn_ldp_sp,0
eregalloc-c0+spectral,corpus:div_recurrence,kfn_stp_sp,0
eregalloc-c0+spectral,corpus:div_recurrence,kfn_mov_imm,35
eregalloc-c0+spectral,corpus:div_recurrence,kfn_symbols,1
eregalloc-c0+spectral,corpus:div_recurrence,correct,1
eregalloc-c0+spectral,corpus:div_recurrence,run_median_s,0.647184
eregalloc-c0+spectral,corpus:div_recurrence,run_min_s,0.63775
eregalloc-c2,corpus:div_recurrence,compile_s,5.951
eregalloc-c2,corpus:div_recurrence,obj_bytes,23080
eregalloc-c2,corpus:div_recurrence,text_bytes,19451
eregalloc-c2,corpus:div_recurrence,insns,4745
eregalloc-c2,corpus:div_recurrence,ldr_sp,896
eregalloc-c2,corpus:div_recurrence,str_sp,901
eregalloc-c2,corpus:div_recurrence,ldp_sp,0
eregalloc-c2,corpus:div_recurrence,stp_sp,0
eregalloc-c2,corpus:div_recurrence,mov_imm,846
eregalloc-c2,corpus:div_recurrence,objects,1
eregalloc-c2,corpus:div_recurrence,kfn_insns,135
eregalloc-c2,corpus:div_recurrence,kfn_ldr_sp,25
eregalloc-c2,corpus:div_recurrence,kfn_str_sp,22
eregalloc-c2,corpus:div_recurrence,kfn_ldp_sp,0
eregalloc-c2,corpus:div_recurrence,kfn_stp_sp,0
eregalloc-c2,corpus:div_recurrence,kfn_mov_imm,36
eregalloc-c2,corpus:div_recurrence,kfn_symbols,1
eregalloc-c2,corpus:div_recurrence,correct,1
eregalloc-c2,corpus:div_recurrence,run_median_s,0.648512
eregalloc-c2,corpus:div_recurrence,run_min_s,0.640039
eregalloc-c2+spectral,corpus:div_recurrence,compile_s,6.033
eregalloc-c2+spectral,corpus:div_recurrence,obj_bytes,22752
eregalloc-c2+spectral,corpus:div_recurrence,text_bytes,19127
eregalloc-c2+spectral,corpus:div_recurrence,insns,4664
eregalloc-c2+spectral,corpus:div_recurrence,ldr_sp,895
eregalloc-c2+spectral,corpus:div_recurrence,str_sp,861
eregalloc-c2+spectral,corpus:div_recurrence,ldp_sp,0
eregalloc-c2+spectral,corpus:div_recurrence,stp_sp,0
eregalloc-c2+spectral,corpus:div_recurrence,mov_imm,806
eregalloc-c2+spectral,corpus:div_recurrence,objects,1
eregalloc-c2+spectral,corpus:div_recurrence,kfn_insns,135
eregalloc-c2+spectral,corpus:div_recurrence,kfn_ldr_sp,25
eregalloc-c2+spectral,corpus:div_recurrence,kfn_str_sp,22
eregalloc-c2+spectral,corpus:div_recurrence,kfn_ldp_sp,0
eregalloc-c2+spectral,corpus:div_recurrence,kfn_stp_sp,0
eregalloc-c2+spectral,corpus:div_recurrence,kfn_mov_imm,36
eregalloc-c2+spectral,corpus:div_recurrence,kfn_symbols,1
eregalloc-c2+spectral,corpus:div_recurrence,correct,1
eregalloc-c2+spectral,corpus:div_recurrence,run_median_s,0.64876
eregalloc-c2+spectral,corpus:div_recurrence,run_min_s,0.64711
baseline,corpus:dot_product,compile_s,5.638
baseline,corpus:dot_product,obj_bytes,26952
baseline,corpus:dot_product,text_bytes,23312
baseline,corpus:dot_product,insns,5743
baseline,corpus:dot_product,ldr_sp,1056
baseline,corpus:dot_product,str_sp,1214
baseline,corpus:dot_product,ldp_sp,0
baseline,corpus:dot_product,stp_sp,0
baseline,corpus:dot_product,mov_imm,1135
baseline,corpus:dot_product,objects,1
baseline,corpus:dot_product,kfn_insns,211
baseline,corpus:dot_product,kfn_ldr_sp,44
baseline,corpus:dot_product,kfn_str_sp,27
baseline,corpus:dot_product,kfn_ldp_sp,0
baseline,corpus:dot_product,kfn_stp_sp,0
baseline,corpus:dot_product,kfn_mov_imm,49
baseline,corpus:dot_product,kfn_symbols,1
baseline,corpus:dot_product,correct,1
baseline,corpus:dot_product,run_median_s,3.415557
baseline,corpus:dot_product,run_min_s,3.40874
weighted,corpus:dot_product,compile_s,5.789
weighted,corpus:dot_product,obj_bytes,27968
weighted,corpus:dot_product,text_bytes,24328
weighted,corpus:dot_product,insns,5997
weighted,corpus:dot_product,ldr_sp,1150
weighted,corpus:dot_product,str_sp,1374
weighted,corpus:dot_product,ldp_sp,0
weighted,corpus:dot_product,stp_sp,0
weighted,corpus:dot_product,mov_imm,1135
weighted,corpus:dot_product,objects,1
weighted,corpus:dot_product,kfn_insns,367
weighted,corpus:dot_product,kfn_ldr_sp,115
weighted,corpus:dot_product,kfn_str_sp,112
weighted,corpus:dot_product,kfn_ldp_sp,0
weighted,corpus:dot_product,kfn_stp_sp,0
weighted,corpus:dot_product,kfn_mov_imm,49
weighted,corpus:dot_product,kfn_symbols,1
weighted,corpus:dot_product,correct,1
weighted,corpus:dot_product,run_median_s,12.223699
weighted,corpus:dot_product,run_min_s,12.189948
weighted+remat,corpus:dot_product,compile_s,5.704
weighted+remat,corpus:dot_product,obj_bytes,28880
weighted+remat,corpus:dot_product,text_bytes,25236
weighted+remat,corpus:dot_product,insns,6224
weighted+remat,corpus:dot_product,ldr_sp,1085
weighted+remat,corpus:dot_product,str_sp,1465
weighted+remat,corpus:dot_product,ldp_sp,0
weighted+remat,corpus:dot_product,stp_sp,0
weighted+remat,corpus:dot_product,mov_imm,1336
weighted+remat,corpus:dot_product,objects,1
weighted+remat,corpus:dot_product,kfn_insns,368
weighted+remat,corpus:dot_product,kfn_ldr_sp,93
weighted+remat,corpus:dot_product,kfn_str_sp,112
weighted+remat,corpus:dot_product,kfn_ldp_sp,0
weighted+remat,corpus:dot_product,kfn_stp_sp,0
weighted+remat,corpus:dot_product,kfn_mov_imm,72
weighted+remat,corpus:dot_product,kfn_symbols,1
weighted+remat,corpus:dot_product,correct,1
weighted+remat,corpus:dot_product,run_median_s,10.889033
weighted+remat,corpus:dot_product,run_min_s,10.880804
weighted+remat+spectral,corpus:dot_product,compile_s,5.731
weighted+remat+spectral,corpus:dot_product,obj_bytes,29072
weighted+remat+spectral,corpus:dot_product,text_bytes,25428
weighted+remat+spectral,corpus:dot_product,insns,6272
weighted+remat+spectral,corpus:dot_product,ldr_sp,1113
weighted+remat+spectral,corpus:dot_product,str_sp,1482
weighted+remat+spectral,corpus:dot_product,ldp_sp,0
weighted+remat+spectral,corpus:dot_product,stp_sp,0
weighted+remat+spectral,corpus:dot_product,mov_imm,1339
weighted+remat+spectral,corpus:dot_product,objects,1
weighted+remat+spectral,corpus:dot_product,kfn_insns,362
weighted+remat+spectral,corpus:dot_product,kfn_ldr_sp,91
weighted+remat+spectral,corpus:dot_product,kfn_str_sp,109
weighted+remat+spectral,corpus:dot_product,kfn_ldp_sp,0
weighted+remat+spectral,corpus:dot_product,kfn_stp_sp,0
weighted+remat+spectral,corpus:dot_product,kfn_mov_imm,71
weighted+remat+spectral,corpus:dot_product,kfn_symbols,1
weighted+remat+spectral,corpus:dot_product,correct,1
weighted+remat+spectral,corpus:dot_product,run_median_s,10.89827
weighted+remat+spectral,corpus:dot_product,run_min_s,10.885881
eregalloc-c0,corpus:dot_product,compile_s,5.793
eregalloc-c0,corpus:dot_product,obj_bytes,27336
eregalloc-c0,corpus:dot_product,text_bytes,23696
eregalloc-c0,corpus:dot_product,insns,5839
eregalloc-c0,corpus:dot_product,ldr_sp,1030
eregalloc-c0,corpus:dot_product,str_sp,1269
eregalloc-c0,corpus:dot_product,ldp_sp,0
eregalloc-c0,corpus:dot_product,stp_sp,0
eregalloc-c0,corpus:dot_product,mov_imm,1199
eregalloc-c0,corpus:dot_product,objects,1
eregalloc-c0,corpus:dot_product,kfn_insns,216
eregalloc-c0,corpus:dot_product,kfn_ldr_sp,46
eregalloc-c0,corpus:dot_product,kfn_str_sp,30
eregalloc-c0,corpus:dot_product,kfn_ldp_sp,0
eregalloc-c0,corpus:dot_product,kfn_stp_sp,0
eregalloc-c0,corpus:dot_product,kfn_mov_imm,49
eregalloc-c0,corpus:dot_product,kfn_symbols,1
eregalloc-c0,corpus:dot_product,correct,1
eregalloc-c0,corpus:dot_product,run_median_s,3.686773
eregalloc-c0,corpus:dot_product,run_min_s,3.659545
eregalloc-c0+spectral,corpus:dot_product,compile_s,5.629
eregalloc-c0+spectral,corpus:dot_product,obj_bytes,27016
eregalloc-c0+spectral,corpus:dot_product,text_bytes,23372
eregalloc-c0+spectral,corpus:dot_product,insns,5758
eregalloc-c0+spectral,corpus:dot_product,ldr_sp,1029
eregalloc-c0+spectral,corpus:dot_product,str_sp,1229
eregalloc-c0+spectral,corpus:dot_product,ldp_sp,0
eregalloc-c0+spectral,corpus:dot_product,stp_sp,0
eregalloc-c0+spectral,corpus:dot_product,mov_imm,1159
eregalloc-c0+spectral,corpus:dot_product,objects,1
eregalloc-c0+spectral,corpus:dot_product,kfn_insns,216
eregalloc-c0+spectral,corpus:dot_product,kfn_ldr_sp,46
eregalloc-c0+spectral,corpus:dot_product,kfn_str_sp,30
eregalloc-c0+spectral,corpus:dot_product,kfn_ldp_sp,0
eregalloc-c0+spectral,corpus:dot_product,kfn_stp_sp,0
eregalloc-c0+spectral,corpus:dot_product,kfn_mov_imm,49
eregalloc-c0+spectral,corpus:dot_product,kfn_symbols,1
eregalloc-c0+spectral,corpus:dot_product,correct,1
eregalloc-c0+spectral,corpus:dot_product,run_median_s,3.681064
eregalloc-c0+spectral,corpus:dot_product,run_min_s,3.661604
eregalloc-c2,corpus:dot_product,compile_s,6.169
eregalloc-c2,corpus:dot_product,obj_bytes,27280
eregalloc-c2,corpus:dot_product,text_bytes,23640
eregalloc-c2,corpus:dot_product,insns,5825
eregalloc-c2,corpus:dot_product,ldr_sp,1027
eregalloc-c2,corpus:dot_product,str_sp,1265
eregalloc-c2,corpus:dot_product,ldp_sp,0
eregalloc-c2,corpus:dot_product,stp_sp,0
eregalloc-c2,corpus:dot_product,mov_imm,1195
eregalloc-c2,corpus:dot_product,objects,1
eregalloc-c2,corpus:dot_product,kfn_insns,216
eregalloc-c2,corpus:dot_product,kfn_ldr_sp,46
eregalloc-c2,corpus:dot_product,kfn_str_sp,30
eregalloc-c2,corpus:dot_product,kfn_ldp_sp,0
eregalloc-c2,corpus:dot_product,kfn_stp_sp,0
eregalloc-c2,corpus:dot_product,kfn_mov_imm,49
eregalloc-c2,corpus:dot_product,kfn_symbols,1
eregalloc-c2,corpus:dot_product,correct,1
eregalloc-c2,corpus:dot_product,run_median_s,3.685428
eregalloc-c2,corpus:dot_product,run_min_s,3.677214
eregalloc-c2+spectral,corpus:dot_product,compile_s,5.962
eregalloc-c2+spectral,corpus:dot_product,obj_bytes,26960
eregalloc-c2+spectral,corpus:dot_product,text_bytes,23316
eregalloc-c2+spectral,corpus:dot_product,insns,5744
eregalloc-c2+spectral,corpus:dot_product,ldr_sp,1026
eregalloc-c2+spectral,corpus:dot_product,str_sp,1225
eregalloc-c2+spectral,corpus:dot_product,ldp_sp,0
eregalloc-c2+spectral,corpus:dot_product,stp_sp,0
eregalloc-c2+spectral,corpus:dot_product,mov_imm,1155
eregalloc-c2+spectral,corpus:dot_product,objects,1
eregalloc-c2+spectral,corpus:dot_product,kfn_insns,216
eregalloc-c2+spectral,corpus:dot_product,kfn_ldr_sp,46
eregalloc-c2+spectral,corpus:dot_product,kfn_str_sp,30
eregalloc-c2+spectral,corpus:dot_product,kfn_ldp_sp,0
eregalloc-c2+spectral,corpus:dot_product,kfn_stp_sp,0
eregalloc-c2+spectral,corpus:dot_product,kfn_mov_imm,49
eregalloc-c2+spectral,corpus:dot_product,kfn_symbols,1
eregalloc-c2+spectral,corpus:dot_product,correct,1
eregalloc-c2+spectral,corpus:dot_product,run_median_s,3.687135
eregalloc-c2+spectral,corpus:dot_product,run_min_s,3.667789
baseline,corpus:elementwise_chain,compile_s,5.688
baseline,corpus:elementwise_chain,obj_bytes,23472
baseline,corpus:elementwise_chain,text_bytes,19839
baseline,corpus:elementwise_chain,insns,4842
baseline,corpus:elementwise_chain,ldr_sp,934
baseline,corpus:elementwise_chain,str_sp,850
baseline,corpus:elementwise_chain,ldp_sp,0
baseline,corpus:elementwise_chain,stp_sp,0
baseline,corpus:elementwise_chain,mov_imm,897
baseline,corpus:elementwise_chain,objects,1
baseline,corpus:elementwise_chain,kfn_insns,312
baseline,corpus:elementwise_chain,kfn_ldr_sp,33
baseline,corpus:elementwise_chain,kfn_str_sp,21
baseline,corpus:elementwise_chain,kfn_ldp_sp,0
baseline,corpus:elementwise_chain,kfn_stp_sp,0
baseline,corpus:elementwise_chain,kfn_mov_imm,143
baseline,corpus:elementwise_chain,kfn_symbols,1
baseline,corpus:elementwise_chain,correct,1
baseline,corpus:elementwise_chain,run_median_s,5.237117
baseline,corpus:elementwise_chain,run_min_s,5.143762
weighted,corpus:elementwise_chain,compile_s,5.701
weighted,corpus:elementwise_chain,obj_bytes,24344
weighted,corpus:elementwise_chain,text_bytes,20707
weighted,corpus:elementwise_chain,insns,5059
weighted,corpus:elementwise_chain,ldr_sp,1009
weighted,corpus:elementwise_chain,str_sp,992
weighted,corpus:elementwise_chain,ldp_sp,0
weighted,corpus:elementwise_chain,stp_sp,0
weighted,corpus:elementwise_chain,mov_imm,897
weighted,corpus:elementwise_chain,objects,1
weighted,corpus:elementwise_chain,kfn_insns,460
weighted,corpus:elementwise_chain,kfn_ldr_sp,102
weighted,corpus:elementwise_chain,kfn_str_sp,100
weighted,corpus:elementwise_chain,kfn_ldp_sp,0
weighted,corpus:elementwise_chain,kfn_stp_sp,0
weighted,corpus:elementwise_chain,kfn_mov_imm,143
weighted,corpus:elementwise_chain,kfn_symbols,1
weighted,corpus:elementwise_chain,correct,1
weighted,corpus:elementwise_chain,run_median_s,16.626053
weighted,corpus:elementwise_chain,run_min_s,16.615267
weighted+remat,corpus:elementwise_chain,compile_s,5.715
weighted+remat,corpus:elementwise_chain,obj_bytes,25248
weighted+remat,corpus:elementwise_chain,text_bytes,21615
weighted+remat,corpus:elementwise_chain,insns,5286
weighted+remat,corpus:elementwise_chain,ldr_sp,961
weighted+remat,corpus:elementwise_chain,str_sp,1083
weighted+remat,corpus:elementwise_chain,ldp_sp,0
weighted+remat,corpus:elementwise_chain,stp_sp,0
weighted+remat,corpus:elementwise_chain,mov_imm,1081
weighted+remat,corpus:elementwise_chain,objects,1
weighted+remat,corpus:elementwise_chain,kfn_insns,466
weighted+remat,corpus:elementwise_chain,kfn_ldr_sp,92
weighted+remat,corpus:elementwise_chain,kfn_str_sp,103
weighted+remat,corpus:elementwise_chain,kfn_ldp_sp,0
weighted+remat,corpus:elementwise_chain,kfn_stp_sp,0
weighted+remat,corpus:elementwise_chain,kfn_mov_imm,156
weighted+remat,corpus:elementwise_chain,kfn_symbols,1
weighted+remat,corpus:elementwise_chain,correct,1
weighted+remat,corpus:elementwise_chain,run_median_s,16.428807
weighted+remat,corpus:elementwise_chain,run_min_s,16.417205
weighted+remat+spectral,corpus:elementwise_chain,compile_s,5.698
weighted+remat+spectral,corpus:elementwise_chain,obj_bytes,25424
weighted+remat+spectral,corpus:elementwise_chain,text_bytes,21787
weighted+remat+spectral,corpus:elementwise_chain,insns,5329
weighted+remat+spectral,corpus:elementwise_chain,ldr_sp,982
weighted+remat+spectral,corpus:elementwise_chain,str_sp,1101
weighted+remat+spectral,corpus:elementwise_chain,ldp_sp,0
weighted+remat+spectral,corpus:elementwise_chain,stp_sp,0
weighted+remat+spectral,corpus:elementwise_chain,mov_imm,1085
weighted+remat+spectral,corpus:elementwise_chain,objects,1
weighted+remat+spectral,corpus:elementwise_chain,kfn_insns,476
weighted+remat+spectral,corpus:elementwise_chain,kfn_ldr_sp,96
weighted+remat+spectral,corpus:elementwise_chain,kfn_str_sp,109
weighted+remat+spectral,corpus:elementwise_chain,kfn_ldp_sp,0
weighted+remat+spectral,corpus:elementwise_chain,kfn_stp_sp,0
weighted+remat+spectral,corpus:elementwise_chain,kfn_mov_imm,156
weighted+remat+spectral,corpus:elementwise_chain,kfn_symbols,1
weighted+remat+spectral,corpus:elementwise_chain,correct,1
weighted+remat+spectral,corpus:elementwise_chain,run_median_s,17.123004
weighted+remat+spectral,corpus:elementwise_chain,run_min_s,17.115748
eregalloc-c0,corpus:elementwise_chain,compile_s,5.711
eregalloc-c0,corpus:elementwise_chain,obj_bytes,23848
eregalloc-c0,corpus:elementwise_chain,text_bytes,20211
eregalloc-c0,corpus:elementwise_chain,insns,4935
eregalloc-c0,corpus:elementwise_chain,ldr_sp,904
eregalloc-c0,corpus:elementwise_chain,str_sp,903
eregalloc-c0,corpus:elementwise_chain,ldp_sp,0
eregalloc-c0,corpus:elementwise_chain,stp_sp,0
eregalloc-c0,corpus:elementwise_chain,mov_imm,963
eregalloc-c0,corpus:elementwise_chain,objects,1
eregalloc-c0,corpus:elementwise_chain,kfn_insns,316
eregalloc-c0,corpus:elementwise_chain,kfn_ldr_sp,33
eregalloc-c0,corpus:elementwise_chain,kfn_str_sp,23
eregalloc-c0,corpus:elementwise_chain,kfn_ldp_sp,0
eregalloc-c0,corpus:elementwise_chain,kfn_stp_sp,0
eregalloc-c0,corpus:elementwise_chain,kfn_mov_imm,145
eregalloc-c0,corpus:elementwise_chain,kfn_symbols,1
eregalloc-c0,corpus:elementwise_chain,correct,1
eregalloc-c0,corpus:elementwise_chain,run_median_s,5.083258
eregalloc-c0,corpus:elementwise_chain,run_min_s,5.052552
eregalloc-c0+spectral,corpus:elementwise_chain,compile_s,5.705
eregalloc-c0+spectral,corpus:elementwise_chain,obj_bytes,23520
eregalloc-c0+spectral,corpus:elementwise_chain,text_bytes,19887
eregalloc-c0+spectral,corpus:elementwise_chain,insns,4854
eregalloc-c0+spectral,corpus:elementwise_chain,ldr_sp,903
eregalloc-c0+spectral,corpus:elementwise_chain,str_sp,863
eregalloc-c0+spectral,corpus:elementwise_chain,ldp_sp,0
eregalloc-c0+spectral,corpus:elementwise_chain,stp_sp,0
eregalloc-c0+spectral,corpus:elementwise_chain,mov_imm,923
eregalloc-c0+spectral,corpus:elementwise_chain,objects,1
eregalloc-c0+spectral,corpus:elementwise_chain,kfn_insns,316
eregalloc-c0+spectral,corpus:elementwise_chain,kfn_ldr_sp,33
eregalloc-c0+spectral,corpus:elementwise_chain,kfn_str_sp,23
eregalloc-c0+spectral,corpus:elementwise_chain,kfn_ldp_sp,0
eregalloc-c0+spectral,corpus:elementwise_chain,kfn_stp_sp,0
eregalloc-c0+spectral,corpus:elementwise_chain,kfn_mov_imm,145
eregalloc-c0+spectral,corpus:elementwise_chain,kfn_symbols,1
eregalloc-c0+spectral,corpus:elementwise_chain,correct,1
eregalloc-c0+spectral,corpus:elementwise_chain,run_median_s,5.065335
eregalloc-c0+spectral,corpus:elementwise_chain,run_min_s,5.053676
eregalloc-c2,corpus:elementwise_chain,compile_s,6.141
eregalloc-c2,corpus:elementwise_chain,obj_bytes,23784
eregalloc-c2,corpus:elementwise_chain,text_bytes,20147
eregalloc-c2,corpus:elementwise_chain,insns,4919
eregalloc-c2,corpus:elementwise_chain,ldr_sp,901
eregalloc-c2,corpus:elementwise_chain,str_sp,899
eregalloc-c2,corpus:elementwise_chain,ldp_sp,0
eregalloc-c2,corpus:elementwise_chain,stp_sp,0
eregalloc-c2,corpus:elementwise_chain,mov_imm,958
eregalloc-c2,corpus:elementwise_chain,objects,1
eregalloc-c2,corpus:elementwise_chain,kfn_insns,316
eregalloc-c2,corpus:elementwise_chain,kfn_ldr_sp,33
eregalloc-c2,corpus:elementwise_chain,kfn_str_sp,23
eregalloc-c2,corpus:elementwise_chain,kfn_ldp_sp,0
eregalloc-c2,corpus:elementwise_chain,kfn_stp_sp,0
eregalloc-c2,corpus:elementwise_chain,kfn_mov_imm,145
eregalloc-c2,corpus:elementwise_chain,kfn_symbols,1
eregalloc-c2,corpus:elementwise_chain,correct,1
eregalloc-c2,corpus:elementwise_chain,run_median_s,5.078386
eregalloc-c2,corpus:elementwise_chain,run_min_s,5.050425
eregalloc-c2+spectral,corpus:elementwise_chain,compile_s,6.124
eregalloc-c2+spectral,corpus:elementwise_chain,obj_bytes,23456
eregalloc-c2+spectral,corpus:elementwise_chain,text_bytes,19823
eregalloc-c2+spectral,corpus:elementwise_chain,insns,4838
eregalloc-c2+spectral,corpus:elementwise_chain,ldr_sp,900
eregalloc-c2+spectral,corpus:elementwise_chain,str_sp,859
eregalloc-c2+spectral,corpus:elementwise_chain,ldp_sp,0
eregalloc-c2+spectral,corpus:elementwise_chain,stp_sp,0
eregalloc-c2+spectral,corpus:elementwise_chain,mov_imm,918
eregalloc-c2+spectral,corpus:elementwise_chain,objects,1
eregalloc-c2+spectral,corpus:elementwise_chain,kfn_insns,316
eregalloc-c2+spectral,corpus:elementwise_chain,kfn_ldr_sp,33
eregalloc-c2+spectral,corpus:elementwise_chain,kfn_str_sp,23
eregalloc-c2+spectral,corpus:elementwise_chain,kfn_ldp_sp,0
eregalloc-c2+spectral,corpus:elementwise_chain,kfn_stp_sp,0
eregalloc-c2+spectral,corpus:elementwise_chain,kfn_mov_imm,145
eregalloc-c2+spectral,corpus:elementwise_chain,kfn_symbols,1
eregalloc-c2+spectral,corpus:elementwise_chain,correct,1
eregalloc-c2+spectral,corpus:elementwise_chain,run_median_s,5.065416
eregalloc-c2+spectral,corpus:elementwise_chain,run_min_s,5.053005
baseline,corpus:gemm_control,compile_s,5.662
baseline,corpus:gemm_control,obj_bytes,23112
baseline,corpus:gemm_control,text_bytes,19495
baseline,corpus:gemm_control,insns,4756
baseline,corpus:gemm_control,ldr_sp,974
baseline,corpus:gemm_control,str_sp,877
baseline,corpus:gemm_control,ldp_sp,0
baseline,corpus:gemm_control,stp_sp,0
baseline,corpus:gemm_control,mov_imm,789
baseline,corpus:gemm_control,objects,1
baseline,corpus:gemm_control,kfn_insns,151
baseline,corpus:gemm_control,kfn_ldr_sp,36
baseline,corpus:gemm_control,kfn_str_sp,23
baseline,corpus:gemm_control,kfn_ldp_sp,0
baseline,corpus:gemm_control,kfn_stp_sp,0
baseline,corpus:gemm_control,kfn_mov_imm,32
baseline,corpus:gemm_control,kfn_symbols,1
baseline,corpus:gemm_control,correct,1
baseline,corpus:gemm_control,run_median_s,4.301495
baseline,corpus:gemm_control,run_min_s,4.281407
weighted,corpus:gemm_control,compile_s,5.72
weighted,corpus:gemm_control,obj_bytes,23800
weighted,corpus:gemm_control,text_bytes,20183
weighted,corpus:gemm_control,insns,4928
weighted,corpus:gemm_control,ldr_sp,1025
weighted,corpus:gemm_control,str_sp,998
weighted,corpus:gemm_control,ldp_sp,0
weighted,corpus:gemm_control,stp_sp,0
weighted,corpus:gemm_control,mov_imm,789
weighted,corpus:gemm_control,objects,1
weighted,corpus:gemm_control,kfn_insns,254
weighted,corpus:gemm_control,kfn_ldr_sp,81
weighted,corpus:gemm_control,kfn_str_sp,81
weighted,corpus:gemm_control,kfn_ldp_sp,0
weighted,corpus:gemm_control,kfn_stp_sp,0
weighted,corpus:gemm_control,kfn_mov_imm,32
weighted,corpus:gemm_control,kfn_symbols,1
weighted,corpus:gemm_control,correct,1
